timestamp,temperature,humidity,pressure,wind_speed
2025-01-01 00:00:00,17.483570765056164,85.99033154879004,1006.2482172502562,6.415648160810706
2025-01-01 01:00:00,14.308678494144077,78.86950524369153,1011.5548132928449,11.216952675742402
2025-01-01 02:00:00,18.23844269050346,65.89445554880261,1005.0758007900004,3.601320758908768
2025-01-01 03:00:00,22.61514928204013,55.295948334416394,1009.9203847036096,9.994775662246797
2025-01-01 04:00:00,,75.47334970420386,994.0638533304622,4.12857189662617
2025-01-01 05:00:00,13.829315215254097,70.90228078132624,1015.1329370737294,3.853945890557428
2025-01-01 06:00:00,22.896064077536955,78.42789830041599,1013.0120547536222,3.10332257042701
2025-01-01 07:00:00,18.837173645764544,74.52757702522955,1004.8291136893181,3.108416673490131
2025-01-01 08:00:00,12.652628070325239,80.74329072979003,1019.592456684324,5.355384083915408
2025-01-01 09:00:00,17.712800217929825,56.97147182659148,1022.3757013762656,4.224716559087638
2025-01-01 10:00:00,,84.76091098451488,,3.5137151360723027
2025-01-01 11:00:00,12.671351232148716,67.963994070386,1005.3727522143379,4.903681971714877
2025-01-01 12:00:00,16.20981135783017,96.12891308937898,1005.308576502127,3.5830003529532295
2025-01-01 13:00:00,5.43359877671101,54.66218272865648,1003.6009689889114,4.7237554508414625
2025-01-01 14:00:00,6.375410837434837,91.03945704747875,1021.2947484193174,3.890103066837965
2025-01-01 15:00:00,12.188562353795136,67.96866175193972,1011.0617386122719,6.469460695759324
2025-01-01 16:00:00,9.93584439832788,55.22872994578327,1010.3548515868939,6.437346972513234
2025-01-01 17:00:00,16.571236662976368,57.741712489185176,992.9613763559324,4.297688033483558
2025-01-01 18:00:00,10.459879622393945,60.1947903770852,1019.3541803020922,3.8640877579596333
2025-01-01 19:00:00,7.938481493323542,71.36248919602875,1000.6074160514653,3.900589609745965
2025-01-01 20:00:00,22.32824384460777,72.8425323205325,1013.5993263026633,6.276853368730238
2025-01-01 21:00:00,13.871118497567322,56.394499940921314,1015.773769379582,3.795528123259303
2025-01-01 22:00:00,15.33764102343962,64.63468111608526,1026.6065859583864,3.46906475121607
2025-01-01 23:00:00,7.8762590689327165,97.13405537917795,999.9117960088089,3.176981323457363
2025-01-02 00:00:00,12.278086377374088,90.91314755151066,982.8048784417917,4.257316524621686
2025-01-02 01:00:00,15.55461294854933,71.54485504511048,1014.838495447537,4.316070172929693
2025-01-02 02:00:00,9.245032112888486,65.570052172523,1031.0051118151086,6.676554186225307
2025-01-02 03:00:00,16.87849009172836,66.80046990077392,1025.3894635293943,3.5001013879775744
2025-01-02 04:00:00,11.996806550405974,74.20276959095625,1015.0965941527462,3.9592718178613464
2025-01-02 05:00:00,13.541531251033616,49.658111522023916,1008.0836381436795,6.304750732732504
2025-01-02 06:00:00,11.991466938853016,61.139351938649824,1021.071225966373,6.470269984302313
2025-01-02 07:00:00,24.261390922544688,39.97123889183616,1003.2645380029553,3.9710016285434193
2025-01-02 08:00:00,14.932513876310331,70.98834683907918,1017.7635776935622,4.229130549272837
2025-01-02 09:00:00,9.711445355220498,74.70793909554112,1018.0547015916662,3.7227602515012737
2025-01-02 10:00:00,19.112724560515943,57.75220306550939,1023.6020990749888,8.392882050795809
2025-01-02 11:00:00,8.895781750144888,88.6098014493505,1040.5966003891108,3.252586765216134
2025-01-02 12:00:00,,46.61351505496488,1016.9241596717877,8.428622209483917
2025-01-02 13:00:00,5.201649380601122,43.0343767968527,1007.910363742925,5.3031810678000015
2025-01-02 14:00:00,8.359069755507846,68.36677727839958,1012.74425687808,4.516746394066627
2025-01-02 15:00:00,15.984306179345618,80.70647453918232,995.3092409511088,3.0664085430112564
2025-01-02 16:00:00,18.692332899977053,90.25891537186803,1006.0528686891095,4.290986530294398
2025-01-02 17:00:00,,,1008.9071756188689,4.04764647258134
2025-01-02 18:00:00,14.421758588058797,81.18021250146944,1007.7591160206541,3.3516108149065413
2025-01-02 19:00:00,13.494481522053556,64.42237295748939,1014.5235487203372,5.136610077830609
2025-01-02 20:00:00,7.607390048162863,62.41059050088771,1004.775800676178,10.091353475526077
2025-01-02 21:00:00,11.400778958026457,78.25489906230008,1024.2103066732448,4.6519350740704475
2025-01-02 22:00:00,12.696806145201062,74.78484317620129,1013.002070649182,5.50880155304967
2025-01-02 23:00:00,20.285611131094576,41.35411764523626,1012.9069967886138,3.1418117986726344
2025-01-03 00:00:00,16.71809144784231,87.14810524588844,1009.7210528348709,4.08142564548603
2025-01-03 01:00:00,6.18479922318633,85.70137031221176,1014.5519068385898,3.2474076495933244
2025-01-03 02:00:00,999.0,55.61655947735706,1021.2509826466763,4.897606336616586
2025-01-03 03:00:00,13.074588597918417,70.93705300156114,1004.328697842891,8.576856071809164
2025-01-03 04:00:00,11.615389998470206,72.41045279424108,,5.168104006766052
2025-01-03 05:00:00,18.05838144420434,68.9101064873586,1009.9627397122333,3.1598253702682464
2025-01-03 06:00:00,20.154997612479754,56.7454226923187,999.5412907652678,3.8759751687966055
2025-01-03 07:00:00,19.656400595580994,,1004.807421402785,4.599965920840599
2025-01-03 08:00:00,10.803912383886807,,1008.2377912645534,4.032372452757735
2025-01-03 09:00:00,13.453938120743928,82.59093528889048,1021.7438918071273,6.587250543212614
2025-01-03 10:00:00,16.65631715701782,73.15400231891648,1015.6256132900193,6.371245360764361
2025-01-03 11:00:00,19.877725635611796,59.44078501870841,1014.9358991136754,4.892629037940397
2025-01-03 12:00:00,,,1021.5089796216797,3.9350787604305566
2025-01-03 13:00:00,14.071705116680914,22.27186069054887,1011.626282116006,3.5896453419404586
2025-01-03 14:00:00,9.468325129969859,82.23148550558156,1016.9046484992889,3.223817860070722
2025-01-03 15:00:00,9.018966879596647,38.904293318328506,1011.967782470675,3.8766926890268163
2025-01-03 16:00:00,19.062629111970992,59.563385878953014,1015.6536234939963,4.0660487975713995
2025-01-03 17:00:00,21.781200142854114,48.20495158060784,1007.1724134238842,5.252930770049966
2025-01-03 18:00:00,14.63994939209833,45.57977786418641,988.6118284172358,5.146823947312503
2025-01-03 19:00:00,20.01766448946012,82.41240181067779,1011.6572083781369,3.1453739575598623
2025-01-03 20:00:00,16.80818012523817,57.98448198032163,1027.2274813609995,4.005911066765414
2025-01-03 21:00:00,11.774401226974378,70.19755822596073,1022.2621540224159,3.4012452908755844
2025-01-03 22:00:00,16.80697802754207,64.29619131681224,1022.6539748459118,3.3411323385678022
2025-01-03 23:00:00,22.690182832329846,72.15561240834683,1025.3613072180622,6.512423483439273
2025-01-04 00:00:00,14.820869804450242,66.15232836590383,1013.8865759096144,3.0856380092620292
2025-01-04 01:00:00,22.82321827907003,45.755116637171454,1014.973157074056,4.086638664533173
2025-01-04 02:00:00,1.9012744795512777,79.94400229170711,1006.8234810456565,3.3683352933792357
2025-01-04 03:00:00,19.10951252187612,57.593651252580315,1009.8392714397295,7.229395038479039
2025-01-04 04:00:00,15.435235341190856,41.651271520103734,1019.1577114977114,4.628553930414228
2025-01-04 05:00:00,13.504963247670663,58.578272585511314,1025.0388443716881,3.5263188156001624
2025-01-04 06:00:00,15.458803882677511,87.51139685951466,1011.60553724319,4.3960271532276165
2025-01-04 07:00:00,5.0621554269955364,77.7533261317024,1008.4981073514858,5.62970712894599
2025-01-04 08:00:00,13.90164056081244,59.77021798388211,1013.0052795885659,9.345798703188006
2025-01-04 09:00:00,16.78556285755873,59.76113443522357,1019.0120674892911,3.4980666463065675
2025-01-04 10:00:00,22.38947022370758,60.17547423173926,998.5614518386645,7.346305191012331
2025-01-04 11:00:00,12.408648908631763,96.15121975341262,990.0381904686276,8.445437951924127
2025-01-04 12:00:00,10.957531985534061,70.7290317834733,1007.4946315050842,7.963915074167379
2025-01-04 13:00:00,12.491214782077318,71.45062470786604,1000.7928757408584,5.017987589068031
2025-01-04 14:00:00,,80.45425181047763,1007.9185980235269,4.987535346075063
2025-01-04 15:00:00,16.643755548298422,68.5818373853977,1011.5221968118253,4.032382094496665
2025-01-04 16:00:00,12.351198981164806,61.11436781268945,1008.4675159097699,5.791864370631309
2025-01-04 17:00:00,,62.05475226372533,1027.5246753447075,4.51555922384453
2025-01-04 18:00:00,15.485387746740201,63.92598110878904,1016.2674476460232,5.262920267964171
2025-01-04 19:00:00,19.843224952664446,64.44166645235238,1016.0047435961083,4.118834278805482
2025-01-04 20:00:00,11.489734530613237,75.9144431545547,1019.222071440434,5.629782391641273
2025-01-04 21:00:00,13.361689267011158,65.77918828710949,1001.6116688221923,6.479907912785409
2025-01-04 22:00:00,13.039459234339212,75.98960115823368,1023.3911178742027,3.316670109659375
2025-01-04 23:00:00,7.682425259339407,63.78925129837126,,6.578681380558319
2025-01-05 00:00:00,16.48060138532288,66.17952785474137,1019.7048061724121,4.55434726338359
2025-01-05 01:00:00,16.305276360899448,35.026989732018386,1002.2814276695984,6.724354112869868
2025-01-05 02:00:00,,78.74491512053723,997.4624123398394,4.128810450195367
2025-01-05 03:00:00,13.827064333124266,70.19732713846989,1021.1788965802502,3.9529787860547767
2025-01-05 04:00:00,7.923146289747929,79.97015164789478,1016.7640952609752,7.931637556142718
2025-01-05 05:00:00,12.896773386173205,21.556169327094658,1003.9794844564249,3.578484624782405
2025-01-05 06:00:00,13.286427417366152,96.32562057171091,1004.3033691872531,6.718522516683962
2025-01-05 07:00:00,10.988613653891905,62.90615557767239,1024.2543478441478,4.323376766999287
2025-01-05 08:00:00,14.193571441669954,81.62274225106275,1001.1058810713267,4.4434861164356105
2025-01-05 09:00:00,17.020254284072692,49.401411093117034,1029.4267295325596,3.7376925195779664
2025-01-05 10:00:00,24.43092950605265,74.19160857593855,1003.9937926535213,4.70214020225413
2025-01-05 11:00:00,15.872889064159194,49.198766552395156,1019.3839192560838,3.7867110408799736
2025-01-05 12:00:00,16.28775195361382,55.64346558956292,1009.7138152425101,3.0801225142454536
2025-01-05 13:00:00,14.627770421169163,93.71047030800179,1019.0318743108235,3.634904630103023
2025-01-05 14:00:00,5.406143923504793,62.1397639885498,1007.5588599788581,3.0127989528916577
2025-01-05 15:00:00,14.867430622753915,68.26149309769585,1011.372070939277,10.665941920307048
2025-01-05 16:00:00,15.301151049705132,78.05101596033131,1013.4091917539572,9.747974504950287
2025-01-05 17:00:00,27.31621056242643,72.43522831958907,1002.9781254421853,4.005567087877379
2025-01-05 18:00:00,14.038195176094387,67.25628357715365,1020.4082434542013,5.606635156163371
2025-01-05 19:00:00,16.507736711668063,70.47441503699338,1007.8678643352841,3.8487029717142813
2025-01-05 20:00:00,14.826441151473784,101.05123377857413,1010.7140008465998,5.223961441097876
2025-01-05 21:00:00,9.156609811902339,64.13571804449622,1003.0565062539149,6.273927009470684
2025-01-05 22:00:00,20.714114072575104,68.01648570072452,987.3766634120469,8.865749504970395
2025-01-05 23:00:00,18.759665163433873,80.75981594011418,1011.0897223739983,4.02235895889663
2025-01-06 00:00:00,18.955159735215233,81.58288899436975,1037.1261542161292,6.058464124963034
2025-01-06 01:00:00,10.453062726026305,82.8054545834057,1020.8460428789803,3.618297552831052
2025-01-06 02:00:00,,74.58095333043777,1012.807396202656,12.277930478459176
2025-01-06 03:00:00,7.990744686038596,47.854926309042746,1010.3710917079173,3.0522149034737462
2025-01-06 04:00:00,17.934285469001352,89.50147298451644,1013.2246589281204,4.850303785007891
2025-01-06 05:00:00,25.952278129049894,47.804819104719684,1018.4711911517521,5.154715441609623
2025-01-06 06:00:00,10.047318374346558,69.5395319785855,1001.1918718469116,5.329796236194602
2025-01-06 07:00:00,12.16851135198614,53.68586224970963,1024.1432169466887,3.256547797940012
2025-01-06 08:00:00,15.498256825438206,64.0379248011051,1020.1538131544124,8.578405011178067
2025-01-06 09:00:00,12.482621729419003,69.9314361545522,1020.1818572570794,3.3997900082327313
2025-01-06 10:00:00,7.246682844669337,69.8203582317541,1017.3847573880972,4.949712405108075
2025-01-06 11:00:00,15.342814874030136,71.32881131352927,1013.1961665769398,3.503796257804165
2025-01-06 12:00:00,9.688481431369475,89.20566903587971,1019.7286123596682,3.7340752372778345
2025-01-06 13:00:00,17.36796215317591,71.8030145227097,1018.9181413374138,4.5813371902895454
2025-01-06 14:00:00,10.402878828830985,61.33765047064027,1009.4595928905898,4.0797998238785835
2025-01-06 15:00:00,22.749672025087698,79.46130752432536,1007.263982271031,3.3492439916158676
2025-01-06 16:00:00,11.083733538318814,82.8420573338696,1014.0185629526198,3.3749168215421763
2025-01-06 17:00:00,13.389692418971622,46.58588277294511,1028.4902015149519,4.083067278225671
2025-01-06 18:00:00,19.067586086848348,73.96100104774787,1000.608929243461,5.831718067747459
2025-01-06 19:00:00,8.845678417830225,75.51759113466348,998.3247473424756,7.564871852436246
2025-01-06 20:00:00,16.137299673020646,,1014.6476084123651,3.175756586599219
2025-01-06 21:00:00,21.53571377141214,85.6356021996743,1013.5088770185602,3.998795369433335
2025-01-06 22:00:00,6.962583827193862,62.7491661945121,1014.7334166437041,3.211266802937493
2025-01-06 23:00:00,15.923169292661521,66.88364680207313,1015.439531979085,3.033463355475233
2025-01-07 00:00:00,16.299413971242117,62.40392263574196,1010.767977453652,5.167754859597279
2025-01-07 01:00:00,18.90911435888655,,1027.8986343860208,4.844866325909106
2025-01-07 02:00:00,8.81524644560959,48.55587369657197,996.9909602152348,3.355908089704874
2025-01-07 03:00:00,8.397716934578618,43.39923676108559,,3.5326575917358913
2025-01-07 04:00:00,17.60970782808449,88.91757594837458,1011.9674523985095,3.047986609297617
2025-01-07 05:00:00,,52.29557977522508,996.5681118884584,6.602979781542269
2025-01-07 06:00:00,-50.0,50.129114758155396,1011.2414559556793,10.353158509250843
2025-01-07 07:00:00,16.732241047484877,32.699148295944276,,3.2911143392539817
2025-01-07 08:00:00,11.599876392107547,,1013.2088648829596,3.526564927556749
2025-01-07 09:00:00,16.161268485805017,45.153653098887524,1015.3070090571869,7.056121266254435
2025-01-07 10:00:00,16.465362366493405,89.63022740204553,1000.3983523482742,8.21995489841983
2025-01-07 11:00:00,11.42824290986816,80.1472563401395,1006.8363859196053,4.088169876567159
2025-01-07 12:00:00,24.328872555723784,54.67774482233414,1009.2480361967606,3.10389748622918
2025-01-07 13:00:00,17.36916460455894,98.78653708016463,1009.8228490324377,3.0803773770617084
2025-01-07 14:00:00,9.043482513986756,79.72648230487391,1025.8164379500377,4.706396508706247
2025-01-07 15:00:00,18.28276804316915,60.12752924737066,1018.5769106072512,3.998107400737722
2025-01-07 16:00:00,10.126591648863393,27.508914276896405,1001.8854204306297,3.058141843359214
2025-01-07 17:00:00,18.93542301871226,99.36413858886112,1015.4650477843201,4.750548995539531
2025-01-07 18:00:00,20.79297789503702,44.15641299854606,1017.9822174849678,3.0227337913248364
2025-01-07 19:00:00,10.896588408241447,40.31901879564663,1024.4014903852126,6.09642184438437
2025-01-07 20:00:00,19.81688064622161,80.3385564801446,1028.8054068656838,3.7318143537444644
2025-01-07 21:00:00,17.06390463468249,101.59628609508908,1002.8490580817213,3.082181567550935
2025-01-07 22:00:00,19.11030079997245,85.76409227765777,1004.8914248878966,4.7751744011429365
2025-01-07 23:00:00,24.483964913269737,73.4586368007854,1000.4242214108539,4.013947485033122
2025-01-08 00:00:00,13.773059419985648,73.92131512497929,1010.6598014089302,10.284023290659967
2025-01-08 01:00:00,11.231319178212551,77.80123338170462,1017.6635837444634,4.571396455563855
2025-01-08 02:00:00,10.552427851872384,76.38392884680148,1022.873345165891,3.643827166873361
2025-01-08 03:00:00,10.920948575172808,69.21787135954064,1012.2404897635748,5.47188255213424
2025-01-08 04:00:00,14.61449145292948,66.56301655927814,1009.8015247674516,3.6335133508574033
2025-01-08 05:00:00,16.70575987408322,64.06110308150717,1014.5175799224874,7.6918891794943205
2025-01-08 06:00:00,16.383453996650097,,1004.6485709836998,3.939117761945429
2025-01-08 07:00:00,19.13591624518012,60.78987384699839,1033.8953872169477,4.596431312292162
2025-01-08 08:00:00,,39.605647787069216,996.9233897288194,3.1037934872196247
2025-01-08 09:00:00,,63.52490559807875,1014.8474057889572,4.110674241832905
2025-01-08 10:00:00,13.67671583381022,50.17113339273624,1033.2360621922965,6.571915141609121
2025-01-08 11:00:00,28.600845832948096,,1013.0679984456,6.2761769497430455
2025-01-08 12:00:00,18.12833673882503,67.69841226730217,1011.099609649985,3.50802671413871
2025-01-08 13:00:00,10.714212217918586,,1009.4255457718957,3.5125711390787284
2025-01-08 14:00:00,9.645537509694439,78.7747490900347,1011.1960831823759,6.399877784348707
2025-01-08 15:00:00,17.412362076215928,,1026.7284847467654,8.329936026365575
2025-01-08 16:00:00,13.882686073370746,50.15557795144494,990.881380886705,3.200438445727507
2025-01-08 17:00:00,18.57000247046046,79.11156781982324,1028.3343370129633,4.1958872471564455
2025-01-08 18:00:00,17.366188122867726,50.26268909692536,998.7604284754985,3.823331421237713
2025-01-08 19:00:00,14.635855436715635,61.63050275004463,1010.3334767076559,7.091061424502781
2025-01-08 20:00:00,10.766031409657975,,1008.7075557970134,3.174440793330936
2025-01-08 21:00:00,7.425763876570677,50.47483317704547,1018.8855326977072,3.4742971877827222
2025-01-08 22:00:00,12.767425239664895,66.5806325921894,997.0187564811625,5.7924335524242885
2025-01-08 23:00:00,19.28199397161736,44.989617576226934,1017.6217266608194,3.10531233795075
2025-01-09 00:00:00,,55.9794853407318,1033.2430962328685,4.356656572379254
2025-01-09 01:00:00,8.77130610644006,69.79672901213806,999.3682599540718,4.16717630684554
2025-01-09 02:00:00,15.86590462925591,41.105093997024966,1014.8970616761039,3.814136321587875
2025-01-09 03:00:00,16.926586898644185,71.60712106940599,1006.3801782220339,4.003640307742155
2025-01-09 04:00:00,10.580712818994336,64.70543301609978,1017.2588720619303,4.509792362960929
2025-01-09 05:00:00,15.76862552972764,73.28734931625722,1013.1914777741575,3.3519650421366367
2025-01-09 06:00:00,15.29104359223,68.35871201096992,1006.5851309095569,4.697244906536377
2025-01-09 07:00:00,9.285148510846884,85.46210644960766,1017.8787228487107,6.273950510194796
2025-01-09 08:00:00,16.788936801741418,66.87836753971861,1031.0434810978675,5.8555742426910005
2025-01-09 09:00:00,17.80392263184117,58.558916883121206,1011.0909620827271,3.334235220819778
2025-01-09 10:00:00,20.415256215876383,66.83446254548426,1020.1975794214818,3.3232726846354246
2025-01-09 11:00:00,20.269010260174515,73.14947043554582,1000.0672704212884,3.6244260013969707
2025-01-09 12:00:00,8.111653160214544,65.73290105488556,1003.4356362318199,3.895935548147312
2025-01-09 13:00:00,10.310874800424386,65.60887536805824,,4.050037007107788
2025-01-09 14:00:00,17.5751763360433,54.47012468289867,1027.8411602853596,5.276977066310303
2025-01-09 15:00:00,17.568929754561044,55.05648623673578,1016.5561334878566,3.1167003390427586
2025-01-09 16:00:00,17.575238431530238,43.96092092300459,1009.8694196947685,3.070576137084059
2025-01-09 17:00:00,34.26365745327361,91.24365114780409,1012.9929140542336,3.9948666148259475
2025-01-09 18:00:00,17.854452553465833,46.34205146913072,1000.4959226603028,5.389125715066163
2025-01-09 19:00:00,20.677828200902994,54.60642203306139,1019.0451532635536,3.429942429413088
2025-01-09 20:00:00,19.770008817466014,54.22389101646204,1021.8233306232341,5.051678238076052
2025-01-09 21:00:00,18.25695625652899,78.42386565416662,1008.4790966716691,3.6017457474444656
2025-01-09 22:00:00,,60.57575482561958,1008.299578522405,7.344624912940855
2025-01-09 23:00:00,18.794846102466337,83.716131090106,1015.6587822965205,7.520775019978245
2025-01-10 00:00:00,11.13587392731214,54.897640636341976,1008.632802639594,3.705614023175558
2025-01-10 01:00:00,13.815906966299956,69.18491243335703,1012.3386738537417,3.5227133048625126
2025-01-10 02:00:00,12.573182260854482,52.46979420110364,1033.997217891665,4.0596906203060055
2025-01-10 03:00:00,15.409370696931612,97.17723691660083,1010.52974299254,3.550273089236741
2025-01-10 04:00:00,26.573292833367542,47.18602371455731,1009.4165984797878,5.231825219635883
2025-01-10 05:00:00,5.663674037041259,69.64731065340541,1006.5245819436484,6.49814359832275
2025-01-10 06:00:00,18.43130095187257,74.50665321398148,1020.4419197149994,5.236153787377161
2025-01-10 07:00:00,6.936420644051742,71.20698646177247,1011.1877582678189,6.4785288930532
2025-01-10 08:00:00,12.640340671052833,62.220685116834375,1006.5062696167857,4.0116501686837385
2025-01-10 09:00:00,,63.05268950399861,1026.2130403227302,3.3399568252751193
2025-01-10 10:00:00,15.321400095477314,65.65717207968665,1027.1960300451365,5.678447138143785
2025-01-10 11:00:00,9.611276110353469,62.79496997557267,1006.9957643426129,3.8940575837911875
2025-01-10 12:00:00,11.423481453700159,79.45818675192365,994.3346004863938,5.225042088402471
2025-01-10 13:00:00,18.39798874467338,98.15784502387027,1023.0751368983692,3.6311864928669912
2025-01-10 14:00:00,11.348166841414317,56.637623224882496,1006.1537017424,3.1694381250078765
2025-01-10 15:00:00,16.082292947909874,44.45295530631383,1020.9062559916276,12.807636461135083
2025-01-10 16:00:00,15.227859199519068,63.67576927473118,993.2989618228817,3.339683132729203
2025-01-10 17:00:00,11.741998261970915,103.69564006481477,1021.9259733829931,11.917123290037557
2025-01-10 18:00:00,25.719720446626628,52.944881480454036,1000.8882807071922,10.569013434215007
2025-01-10 19:00:00,18.169595111590056,89.58675208166102,1020.3076411906652,6.1579930181237525
2025-01-10 20:00:00,4.874287066711965,90.1655122111466,1013.1427306783644,5.154227859182052
2025-01-10 21:00:00,15.932271573847139,56.69617637438008,1003.4606058060335,4.724585685098652
2025-01-10 22:00:00,11.69106767615806,73.53474618777913,1008.9296368707322,7.021347135269835
2025-01-10 23:00:00,19.26216667398112,89.42594934692806,1019.863184569567,3.6834024283884244
2025-01-11 00:00:00,11.037396307836497,59.313083885187694,1014.0589445311523,4.261025488902818
2025-01-11 01:00:00,14.426317792665506,61.946294598464576,1018.8441298047248,4.93195993935251
2025-01-11 02:00:00,17.524936394902287,56.274786290770344,1032.764405845155,4.059305072409802
2025-01-11 03:00:00,19.328775970850607,49.778649039607,997.3575838828895,4.115437765711922
2025-01-11 04:00:00,8.998517964721119,55.26083682400989,1029.1721257496863,3.8018050675033184
2025-01-11 05:00:00,13.327493820795258,46.64089599856615,,4.661289733347188
2025-01-11 06:00:00,12.62527344419522,65.51125202388839,1004.0121595167687,6.801915051205327
2025-01-11 07:00:00,11.73335383713144,53.450401534120374,999.69686374261,3.450111702204772
2025-01-11 08:00:00,23.827271201405484,68.50678867686122,1011.1087960922297,8.449366698870502
2025-01-11 09:00:00,17.024908554804778,41.66156530694559,1022.2165011192446,5.33648850275648
2025-01-11 10:00:00,8.695580228324774,150.0,1011.7245087962247,6.466300626820313
2025-01-11 11:00:00,19.58930973527388,77.50293442413387,1028.1115493024736,4.6247205934233815
2025-01-11 12:00:00,25.610780985063165,35.09396536142817,998.4882430994844,6.023866660767406
2025-01-11 13:00:00,20.162326302755734,70.61084854771359,1012.8791105215395,3.032666117006681
2025-01-11 14:00:00,7.403150170229933,83.41503488709938,1000.4760655558688,6.411682051119931
2025-01-11 15:00:00,12.578829635668743,46.855384719631914,1016.6363188262496,3.0819332997258497
2025-01-11 16:00:00,21.334555745933113,90.08858580256555,1021.868873900973,7.412975470970122
2025-01-11 17:00:00,11.461652671906096,71.28528514049067,1008.7923820631895,12.647335901062862
2025-01-11 18:00:00,17.219097140731144,54.424822163623865,986.9578614337287,3.6964712030915967
2025-01-11 19:00:00,18.873170267146683,64.16346383513441,1014.989481467965,3.472251301294582
2025-01-11 20:00:00,10.365347642109585,73.37490368782584,1017.3673855173352,5.899434381334317
2025-01-11 21:00:00,14.702373219691,66.14008087118617,1017.042947549617,3.5834507134943143
2025-01-11 22:00:00,-1.2063367003453642,73.08133988669553,1025.3578219182216,7.013310005885194
2025-01-11 23:00:00,,51.1898961038095,1002.2894632035095,3.217047899547965
2025-01-12 00:00:00,13.737159243034199,67.54041236054117,1019.8021610545045,3.2692472838332876
2025-01-12 01:00:00,8.761084090175753,43.79428254642529,1024.9250751247798,10.740951837360713
2025-01-12 02:00:00,23.162056519658176,63.33160907976949,995.2141241599348,5.2407276851896745
2025-01-12 03:00:00,,51.44138537802815,1016.1965182591898,6.753161067750751
2025-01-12 04:00:00,12.79977756651508,53.9670508611535,1007.9582016899233,3.7840991325684685
2025-01-12 05:00:00,15.653702886430457,83.54139762815656,1012.1847732689836,5.257011865963344
2025-01-12 06:00:00,22.206366445330577,81.36965180891403,1016.4767648353834,4.8039958612113685
2025-01-12 07:00:00,7.8206892441028035,74.13707181360766,1008.1277143588645,4.848394412272716
2025-01-12 08:00:00,20.815818760774796,48.61530852991132,1006.2429192083839,5.294759401280396
2025-01-12 09:00:00,15.051165305097935,,1013.3415241748802,4.713023161224363
2025-01-12 10:00:00,10.092456744760245,83.19646549968775,1002.127540611372,4.120950606985554
2025-01-12 11:00:00,17.310517371316354,67.12575370459857,1002.1417487111481,3.64571423315813
2025-01-12 12:00:00,15.995298477867351,99.7899430997254,1019.793732829565,5.927053577246001
2025-01-12 13:00:00,11.998915614206027,70.89976759091557,1001.5120596484135,3.5130708881981345
2025-01-12 14:00:00,,67.88073674735047,1019.6631250090921,5.357613005640038
2025-01-12 15:00:00,13.0734320156912,60.363253036962476,1017.6259129285395,3.5314049992473073
2025-01-12 16:00:00,15.56758672625624,67.00311357173423,995.741932712094,4.9634201881003825
2025-01-12 17:00:00,18.310653372605234,62.712952454291845,1006.2243534766435,5.749350388712701
2025-01-12 18:00:00,22.93008408072676,75.62163015032885,1024.9410940304738,3.493627713600218
2025-01-12 19:00:00,8.810922505865754,79.35053475191876,,3.1236301746090165
2025-01-12 20:00:00,25.665166873281333,53.21015809238076,1008.3559573769061,3.2807638779532744
2025-01-12 21:00:00,,45.03150569663333,1017.620608932519,4.862793344864332
2025-01-12 22:00:00,14.241074524822084,37.456919403450556,1020.833905092826,6.786872306742176
2025-01-12 23:00:00,17.941586032422883,,1010.484611139555,3.092081219915305
2025-01-13 00:00:00,,48.449500907391894,1007.0248980530836,5.649655549905803
2025-01-13 01:00:00,,32.706641105712755,1027.223698616985,3.8350307818644347
2025-01-13 02:00:00,13.959388748213623,70.82867906796446,1030.3889966379759,4.302200813267552
2025-01-13 03:00:00,12.534995326705836,102.39499276149186,1022.788580507818,8.286198369511506
2025-01-13 04:00:00,,64.9089363269016,1013.8531814256503,3.806848897548461
2025-01-13 05:00:00,19.248010485105123,77.57736161677462,1004.9173427835907,4.252237027094494
2025-01-13 06:00:00,16.785077429825236,66.22744037821347,1004.6955559344343,3.0275537633552316
2025-01-13 07:00:00,11.53545202369673,63.51665520213286,1018.2251410526576,3.1702417193897032
2025-01-13 08:00:00,19.497999377166252,78.78614724481653,1017.1839822088868,3.5984072929121
2025-01-13 09:00:00,,60.64588183717023,1027.0159859294643,3.0564949409174447
2025-01-13 10:00:00,19.0643105941948,69.01088471107855,,4.995952592691129
2025-01-13 11:00:00,18.14814420961806,69.8254670929402,997.9691969824019,4.111640249979144
2025-01-13 12:00:00,10.855024945389639,54.978643195354266,1023.5194761772292,4.588788791467252
2025-01-13 13:00:00,12.199094799015153,79.88063524304785,1003.0193937268559,3.3838886612122794
2025-01-13 14:00:00,18.736468025616308,62.37560364956887,1009.1602872804765,3.701760756777886
2025-01-13 15:00:00,18.051851327167324,53.66382260760733,1015.5020020625169,5.180243718297424
2025-01-13 16:00:00,14.895492030179259,73.04764765355606,,9.722188171799013
2025-01-13 17:00:00,15.58663691654391,51.52298027313444,1044.0991855600537,3.1034641994069596
2025-01-13 18:00:00,21.388324478942124,65.42271736053692,1019.0672305913619,7.421549713620236
2025-01-13 19:00:00,12.042143055820851,64.86321505033695,1011.1680338127961,4.72020458280444
2025-01-13 20:00:00,17.735486905850188,81.28843348747367,1018.3450564848055,4.659857145458272
2025-01-13 21:00:00,13.98903673783053,72.12047349319928,1021.8765542587383,4.387408812393677
2025-01-13 22:00:00,13.911593983863899,64.62459561882284,1009.7933237444281,3.1438387688981226
2025-01-13 23:00:00,20.49388425993595,77.26649448800431,1030.9521135591233,3.1883507217295124
2025-01-14 00:00:00,19.12708174494015,85.8531132352597,1015.300707591914,4.837146698423506
2025-01-14 01:00:00,19.067548180003193,73.36715459527794,1017.977430890914,3.8339377613043997
2025-01-14 02:00:00,21.527394035771646,65.15528929765071,1019.6592425205446,7.984299231569099
2025-01-14 03:00:00,15.105019208163796,45.32245651474761,1017.2158661061445,4.043741249547493
2025-01-14 04:00:00,18.40976485647482,49.02329505386941,1021.3894050046961,3.309291675101387
2025-01-14 05:00:00,13.44866621703272,60.421629434679986,1006.8274681345308,5.508560071835152
2025-01-14 06:00:00,16.62083176244221,55.85731696761076,1007.4169824605397,3.6944492539113956
2025-01-14 07:00:00,14.349284728161576,62.19543045521831,1001.9984576702831,4.4908621723801705
2025-01-14 08:00:00,,,1017.3950123062023,5.393549448913991
2025-01-14 09:00:00,17.97578512718457,72.94539131535096,1020.7893650351211,7.610459397808588
2025-01-14 10:00:00,10.908896583832638,63.94251832911363,1017.5777286615189,6.142273655573616
2025-01-14 11:00:00,25.461936378427303,72.29752465739303,1029.7449243334754,5.2562535832352
2025-01-14 12:00:00,9.96991309250149,65.9671162221518,1012.9440398117096,5.276577269358253
2025-01-14 13:00:00,8.92905693606134,35.36800150469193,1019.6874165559251,8.834753448618278
2025-01-14 14:00:00,20.790554367500338,50.90996909271868,1002.0829912386068,3.701454185047362
2025-01-14 15:00:00,18.95831346981468,62.83868666417577,1009.129002975256,3.002225426063566
2025-01-14 16:00:00,18.120599085260775,46.85457885738339,1019.9553775756577,3.6347836286486626
2025-01-14 17:00:00,18.1417275463214,73.99893094994307,1021.4910211074315,3.4915232946991512
2025-01-14 18:00:00,14.938766135765427,87.96126248515546,1010.0603305233582,5.16844022011808
2025-01-14 19:00:00,,83.28142777545975,1012.2840074814193,5.008668554180705
2025-01-14 20:00:00,15.379022790968632,,997.8212625331919,4.800152710020128
2025-01-14 21:00:00,11.614191442439441,87.36089205274928,1009.4297079919339,3.032753628348681
2025-01-14 22:00:00,19.875598667088756,67.23001185803167,1021.9038316351979,5.6096356120450555
2025-01-14 23:00:00,,59.94371043322941,1018.7520501610657,3.7817355760289693
2025-01-15 00:00:00,10.872514016037442,55.7989600468859,1018.0066572138121,5.187583784976303
2025-01-15 01:00:00,13.393070791735033,60.462954702678076,1013.4977368718096,4.626468665570376
2025-01-15 02:00:00,17.06465727137812,59.17734772188157,1013.0706315862818,3.8393235880046683
2025-01-15 03:00:00,12.181377235980126,67.55624333563232,1006.3967886052656,3.2890720547504646
2025-01-15 04:00:00,10.888898022167844,67.40860971574797,1019.9882842020254,3.198356878617801
2025-01-15 05:00:00,16.218436057459563,65.04569030230121,1017.2097294438939,6.56185667392406
2025-01-15 06:00:00,16.224832855543614,71.55407254619524,1017.920188479928,8.011791791832373
2025-01-15 07:00:00,12.46528412314435,82.85969412179512,1007.7396515733242,5.0984334542304595
2025-01-15 08:00:00,12.644808471908386,79.24331203161985,991.4665708012875,3.218366994252848
2025-01-15 09:00:00,16.16024968678818,42.726530473251444,1023.971527117537,4.0284200785166
2025-01-15 10:00:00,7.759578292513379,26.691182976470678,1008.2116254399159,5.610824258820981
2025-01-15 11:00:00,7.962681128117223,79.01479866858911,1004.3722423595688,6.026627800581139
2025-01-15 12:00:00,11.40777889373782,44.49681952376868,1019.93478911914,3.251622249557581
2025-01-15 13:00:00,13.932764241440763,61.62851897160975,1009.0798736008087,3.0000614386344315
2025-01-15 14:00:00,16.554537827990025,-10.0,1023.5993638404663,5.490541531705237
2025-01-15 15:00:00,22.376781084747762,37.970293436299706,1019.170059495767,3.8819654414957636
2025-01-15 16:00:00,19.288298116010097,73.12194092307182,1019.8356932320048,3.587350207333354
2025-01-15 17:00:00,14.200307350182864,,999.3404428879946,3.0259627285696706
2025-01-15 18:00:00,14.904918960486556,56.35234398909921,1025.119439853864,4.554359771360499
2025-01-15 19:00:00,9.987353176810956,26.134365617826354,1015.6125053123386,6.809642264502558
2025-01-15 20:00:00,14.90743432003805,56.806333276212754,1009.3072286075379,9.322707139547447
2025-01-15 21:00:00,13.556706805399308,70.8770600810382,1014.4338846734225,4.668246492189989
2025-01-15 22:00:00,16.613592801690448,42.81632646838807,995.2376476710168,4.444992679844551
2025-01-15 23:00:00,,67.75039879668734,1017.0865281148067,3.17778567818186
2025-01-16 00:00:00,17.596732571205862,64.77035226240507,1002.7062849181793,4.592011885506727
2025-01-16 01:00:00,22.66369456501289,73.68937249401633,999.4732971415647,3.9560041158162003
2025-01-16 02:00:00,14.456199257715712,66.79370552621229,997.7764081378211,4.868579905078329
2025-01-16 03:00:00,17.008558610494706,50.40396588677667,1024.1268837498992,3.9844210885223577
2025-01-16 04:00:00,18.450719958555563,82.94857252496737,1006.7073660630721,3.5496610133267894
2025-01-16 05:00:00,12.993897640570818,62.62205640459545,1028.337277099165,3.199563932209842
2025-01-16 06:00:00,16.120462409052084,64.59043190735102,1007.641985369477,3.756434777625117
2025-01-16 07:00:00,15.062962003908975,51.00098061390206,995.9264204240706,3.203278970766826
2025-01-16 08:00:00,15.48838049274416,58.35076623212734,1001.8347556005134,3.389347749015781
2025-01-16 09:00:00,11.134951080722669,51.727959289596484,1025.3581162000694,11.73800895711178
2025-01-16 10:00:00,,62.405809101148655,1011.4410182206333,4.174346511016098
2025-01-16 11:00:00,,90.67562720213516,1007.517127035094,4.518026034804201
2025-01-16 12:00:00,22.25571803897521,44.421482856029655,1014.6001822585279,7.136900792250696
2025-01-16 13:00:00,19.796354130426035,40.79657903184888,1018.0178273616755,13.838215058975361
2025-01-16 14:00:00,25.765912287557782,87.06755491240412,1024.1739881590247,4.747969035560285
2025-01-16 15:00:00,11.163262185559752,61.86014484272201,1027.4849922989292,6.347673644440077
2025-01-16 16:00:00,19.361603183603393,54.963908920101254,1009.4023135421091,3.7918446443525973
2025-01-16 17:00:00,15.916710028691758,80.59857031094114,999.7395231391796,3.7298288982403296
2025-01-16 18:00:00,25.94901466608836,55.91576690394704,1008.8653483887672,4.0306840179089845
2025-01-16 19:00:00,10.958508573224243,92.39014570320404,1015.6028050658289,5.232578800510939
2025-01-16 20:00:00,10.80139078909612,75.16888807008904,1003.3624107378939,5.292613748712872
2025-01-16 21:00:00,12.00303677277989,57.68132887781446,1003.4284908510496,3.7573720829147272
2025-01-16 22:00:00,4.380521378450965,,1016.4378788154988,3.285916917101889
2025-01-16 23:00:00,12.371224891596196,55.914276154949924,1012.5134764842954,5.001499409670252
2025-01-17 00:00:00,11.20433669223151,76.13143058013961,1013.3279699541158,3.2746792401703986
2025-01-17 01:00:00,15.751968932381038,69.48938870609737,1005.4150466529993,4.727835455255585
2025-01-17 02:00:00,16.708779878885796,84.52611934098198,1010.6959928579423,5.364566975087965
2025-01-17 03:00:00,24.380854196079433,88.42266795090279,1003.757668557317,5.4120264116897925
2025-01-17 04:00:00,19.75211919093025,65.4800622359865,1021.9019841112479,5.800560301118026
2025-01-17 05:00:00,12.115481721687985,53.69873194480725,1023.3524933472376,7.124923775796897
2025-01-17 06:00:00,10.50792664325821,71.89958214408675,994.5381213776191,4.386130335705312
2025-01-17 07:00:00,17.459595857532527,54.834269453718406,1003.7048913980759,5.6205133406482215
2025-01-17 08:00:00,8.398833964896788,95.20080871289935,998.0347074490992,4.9308187606479255
2025-01-17 09:00:00,24.15729382927177,67.04802996624106,1006.499760655931,3.4131627779968365
2025-01-17 10:00:00,20.897200603606436,59.52017673031837,1012.1656203020964,3.052050772660005
2025-01-17 11:00:00,,67.77020458797362,998.5035478030147,3.669663046550961
2025-01-17 12:00:00,6.434327354545612,44.793105657054554,1003.7814018687469,4.170501109914067
2025-01-17 13:00:00,21.769361870827062,50.42578942234023,1002.960426279185,4.919993890748623
2025-01-17 14:00:00,14.42730077373691,83.00620861916639,1015.0726732939894,6.793697783312682
2025-01-17 15:00:00,21.189081559867308,55.14658581542906,1013.6934433703625,3.4369233486150885
2025-01-17 16:00:00,7.0278617060281645,49.296335259770906,1005.7826244666275,3.268319842839829
2025-01-17 17:00:00,12.003124885231136,73.04979128790929,1014.768208721394,9.619787569969954
2025-01-17 18:00:00,15.026218498590916,82.78556231994496,1007.5331991541274,3.2286782042154973
2025-01-17 19:00:00,15.234902968823711,75.784299659976,1010.2834488967395,4.302057762423535
2025-01-17 20:00:00,12.749672642603782,79.94071528708724,1029.7345209029854,4.761672129647883
2025-01-17 21:00:00,18.114249661737492,53.64807367145809,1026.4046105179034,4.559042267272652
2025-01-17 22:00:00,9.661897853087028,43.67283999887235,1000.004187630724,3.1799197817926106
2025-01-17 23:00:00,14.288102574893532,87.5200047793323,1021.2973241787918,3.117435075173925
2025-01-18 00:00:00,15.601478158559495,60.15980241736796,1021.1139655449159,3.222943698102623
2025-01-18 01:00:00,17.572194170293745,61.23750475317429,1001.5173671124738,4.761787736187767
2025-01-18 02:00:00,18.55807439044445,84.92291212773587,1021.1877764375486,4.57203817632581
2025-01-18 03:00:00,9.376789540810654,73.3434501410099,1028.3793191841255,3.532469549772259
2025-01-18 04:00:00,7.329429146321889,71.83831658122412,1001.7745519375559,5.0309746883167765
2025-01-18 05:00:00,21.388384109492545,97.47503517351626,1003.8249717898574,6.430347019693137
2025-01-18 06:00:00,16.661570059897958,55.347226544297854,1023.176614668435,3.0849361968928686
2025-01-18 07:00:00,11.257567317217232,78.91760192121856,1015.7149531082565,4.378828088975233
2025-01-18 08:00:00,22.755759877612615,65.85519687345626,1018.5147627523952,5.337921949801984
2025-01-18 09:00:00,,69.02888418294886,1016.405892164005,3.5815388055631177
2025-01-18 10:00:00,20.896485920319133,87.92702639618798,1016.9069592092815,3.7356766328764053
2025-01-18 11:00:00,15.337592407050545,72.61753634434436,999.7352787168892,4.901960548155598
2025-01-18 12:00:00,25.303739624409936,73.07444118574449,1023.4731770662145,7.564296577655907
2025-01-18 13:00:00,23.77670421221602,81.08761005964703,1024.6958999242777,6.320666996077595
2025-01-18 14:00:00,13.755179257604633,59.52570905685672,1010.7060925593197,4.749962763939661
2025-01-18 15:00:00,,52.4118549899149,1012.5652305018614,5.620309668425783
2025-01-18 16:00:00,18.226879747925736,49.327862089684494,997.6889249744428,3.907701489374398
2025-01-18 17:00:00,21.843157787661745,35.50465115935997,1018.1425475601784,5.048673746189289
2025-01-18 18:00:00,10.175382697099478,95.84310694910484,1018.7205744171414,4.255399112292359
2025-01-18 19:00:00,18.430257299992196,48.451874514174754,1012.3780898300068,3.4212843810882267
2025-01-18 20:00:00,20.29212243424794,61.68119564621342,,5.419567804710759
2025-01-18 21:00:00,6.206302567884428,60.84780050166619,1009.6592276902006,4.625955490016639
2025-01-18 22:00:00,9.083707436671125,69.61110046713651,1018.646059258936,3.8882712809725026
2025-01-18 23:00:00,4.803839111199498,77.23605818808946,1002.8033566130788,7.845874629137138
2025-01-19 00:00:00,13.652965827777212,77.90710232539618,1012.7644784912576,3.0423126866793853
2025-01-19 01:00:00,,56.25383842146592,1011.2564574209716,3.7589315322466583
2025-01-19 02:00:00,22.51178526048014,62.49317429320383,1015.2530792204094,3.1171264661552422
2025-01-19 03:00:00,15.370473902098876,69.2386992573245,1009.3047307116664,5.909380389352871
2025-01-19 04:00:00,,61.2696331072468,1011.6852740432834,5.422044883554692
2025-01-19 05:00:00,8.099492708925542,89.1101836402999,1021.2604717144151,3.80499568580314
2025-01-19 06:00:00,6.483087803224226,72.36462427457377,1008.6323576276178,5.251943757540525
2025-01-19 07:00:00,14.722261505516906,76.02316679074727,996.9342289926132,4.008154312617058
2025-01-19 08:00:00,16.920327244696537,74.94321903001119,1030.4958390420543,5.823255447557461
2025-01-19 09:00:00,14.836526259529535,82.60210786227987,1026.814540786905,4.210945476927745
2025-01-19 10:00:00,4.662789499800617,67.7153233805556,1000.0773730489439,4.063008343765324
2025-01-19 11:00:00,14.554399802436057,45.5475207806623,1019.8970780524519,8.45844294306854
2025-01-19 12:00:00,8.477652497475734,70.99531927628962,1007.9702522944866,3.5777097862495095
2025-01-19 13:00:00,18.348362744150194,55.22964659312257,1015.6348721533107,3.256683683328229
2025-01-19 14:00:00,16.83299123048424,57.07074977375365,1015.9422412901349,4.75675286485524
2025-01-19 15:00:00,10.300601068363225,73.7954602813264,1010.6559219968368,9.968406749536392
2025-01-19 16:00:00,12.430665413316532,83.57424607150453,1005.162343344136,3.9491134416342684
2025-01-19 17:00:00,9.703932390555241,65.31907365104092,1006.0945894768374,3.1280890487561965
2025-01-19 18:00:00,14.68660451363414,69.63249518898445,2000.0,3.8289267445893214
2025-01-19 19:00:00,19.775711602506192,,1004.6817779176955,4.410162839568141
2025-01-19 20:00:00,10.071369768322281,68.61129769232852,1012.3282170995064,3.3532906103866886
2025-01-19 21:00:00,17.520232577589223,104.02524671270592,1005.8424001088924,5.146486939600273
2025-01-19 22:00:00,,73.48264468447316,1019.8205206571262,15.19310709721432
2025-01-19 23:00:00,11.035635838688279,38.58855861266274,1027.8724615533592,4.202009392424185
2025-01-20 00:00:00,14.46484820022721,76.30012431656799,1007.1994675862995,3.8761684168737984
2025-01-20 01:00:00,9.823788387903129,70.71737577324167,1015.3940450053537,4.023999848755842
2025-01-20 02:00:00,12.231753473264089,84.34629131124119,1017.9968511030294,3.2446656418894695
2025-01-20 03:00:00,9.010610537055758,75.09772026904938,1017.7200227091928,7.29584511282517
2025-01-20 04:00:00,24.823625664581947,62.92316024024339,1013.7595526791608,4.071690902802018
2025-01-20 05:00:00,,46.635526455659516,,3.9796761929882845
2025-01-20 06:00:00,11.501372460037071,61.86465114070962,1017.8224895268065,5.155798228153552
2025-01-20 07:00:00,16.06989955367111,52.2421931868605,1000.623375776727,4.1669124250727005
2025-01-20 08:00:00,14.438359751545851,56.29214825292916,1021.6915606438928,5.089575174198686
2025-01-20 09:00:00,13.895152002333885,73.82867606630914,1021.8729083726674,3.1268303902214782
2025-01-20 10:00:00,18.070833500217127,90.0485675652711,1005.3671389582141,6.361044622017623
2025-01-20 11:00:00,18.787538550236526,70.92007294734472,1013.379378354476,8.643690807170788
2025-01-20 12:00:00,12.347494261947363,47.06175406947224,1019.8332899281107,5.092601726612184
2025-01-20 13:00:00,12.1209087967766,71.66904002330212,1010.9068618042064,9.182985979456845
2025-01-20 14:00:00,13.62474151424178,82.94947229968477,1023.7297804776601,3.3284108531283634
2025-01-20 15:00:00,3.4903941763220754,55.85325643520927,,4.297939810195856
2025-01-20 16:00:00,7.424044689007239,62.989742499906235,1005.1401396736502,4.841635596915969
2025-01-20 17:00:00,21.834371337222624,65.22032292093796,999.1895539684623,4.743288029500326
2025-01-20 18:00:00,23.224838567506417,53.2265253037664,1016.0381859560488,4.026529789703916
2025-01-20 19:00:00,13.754819802218108,74.72420650765788,1020.2156250512614,3.825234475540694
2025-01-20 20:00:00,17.882784815278832,63.18577777088328,1010.6913362615524,3.2712363312440895
2025-01-20 21:00:00,16.556250772717682,71.29298665860541,1027.5326066332104,3.9943137713213623
2025-01-20 22:00:00,30.39440404227619,51.6876173329685,999.6139420027675,3.355052103514278
2025-01-20 23:00:00,20.597874557172883,58.438125495148846,1019.9291862303161,5.651269279309732
2025-01-21 00:00:00,14.360412042596167,75.83572036741657,1006.9413917924111,3.468487197800723
2025-01-21 01:00:00,10.222297796997871,59.4075027186235,1030.193779062073,3.1207005926238685
2025-01-21 02:00:00,6.967768398712138,90.90445776850108,1032.9251535316812,4.607559305258769
2025-01-21 03:00:00,16.017318179336115,59.005457215780964,1005.3334341221665,4.808871228200545
2025-01-21 04:00:00,11.218246273578483,68.37027088627829,1007.5044286409142,7.110092073748675
2025-01-21 05:00:00,,78.98886247809635,1021.5958788697981,4.720679262837768
2025-01-21 06:00:00,11.767135578787368,43.724514006004526,1009.1286935021049,3.8477088815454525
2025-01-21 07:00:00,9.592259981928025,38.587867820288366,1012.5458878206776,6.2492237287587145
2025-01-21 08:00:00,23.435708175362823,42.11515528144858,1013.2538842054241,4.554270525809384
2025-01-21 09:00:00,19.408198784747253,83.93876155140774,993.8032684380235,3.1651992309234878
2025-01-21 10:00:00,,56.7221278116133,1012.8616225390576,4.668732946149207
2025-01-21 11:00:00,,103.37298928502378,1006.1027222593583,7.772336605846908
2025-01-21 12:00:00,15.386841538238091,56.53628602013917,1008.0687717760023,4.009397613857423
2025-01-21 13:00:00,10.693578993358681,67.76826954795555,1027.4363200346882,3.7028796334648795
2025-01-21 14:00:00,22.615620386348287,88.13164928851813,1000.4349310572075,3.309730603259257
2025-01-21 15:00:00,17.694550218423295,95.09139332238684,1021.1320518674797,3.3284419824499336
2025-01-21 16:00:00,9.813769228367718,95.92255364954596,1010.2103706966819,4.133986061190636
2025-01-21 17:00:00,,83.12549345889714,1010.2023983150417,4.811096400886167
2025-01-21 18:00:00,10.621908733076214,80.36093788717193,1020.9037189605172,3.1681015028551403
2025-01-21 19:00:00,,73.88790423801774,1016.4005129456889,8.612492519935785
2025-01-21 20:00:00,19.630887737658206,76.67541614249957,1018.7061299721953,5.814085189074097
2025-01-21 21:00:00,24.547083202350652,56.732214255071995,1022.6818466053286,4.766794981783478
2025-01-21 22:00:00,8.007162130904295,52.72701674866539,1009.6869161681668,6.525628944893761
2025-01-21 23:00:00,17.814846183452854,64.94938313883571,1006.8776326549225,3.1671692521610844
2025-01-22 00:00:00,11.746787154390866,62.447230662126074,1002.148494734422,4.295731578387972
2025-01-22 01:00:00,12.56437308117652,58.201579260090874,1004.7458947002104,4.98900799848977
2025-01-22 02:00:00,12.038030378805654,75.44581171185072,1042.4909442530873,6.528127981870848
2025-01-22 03:00:00,10.68004615160092,79.32957812855766,1025.4467958073678,6.0600482823771
2025-01-22 04:00:00,15.242608139724135,66.32610329437772,999.4892563379198,3.648883684960762
2025-01-22 05:00:00,10.84524941794481,87.16295121582893,999.7754204325643,8.656377740795595
2025-01-22 06:00:00,16.352284128899193,47.87466328799742,1017.818660617185,3.265568124304453
2025-01-22 07:00:00,14.748809452754315,62.095108110804226,1018.4726479737797,7.1610221247649495
2025-01-22 08:00:00,13.805259765667952,54.247665190957925,1018.4888383531736,10.076802420323531
2025-01-22 09:00:00,10.462181689792011,37.0019507439041,1010.450442064463,3.3899712733624856
2025-01-22 10:00:00,12.116143347158337,63.75978971235951,1011.745457399971,5.560743669106824
2025-01-22 11:00:00,18.77695612912878,63.17378737425075,1016.2787952415936,3.0822389083014663
2025-01-22 12:00:00,17.504585938121902,87.70174614863197,1013.8589300629333,4.039809513080023
2025-01-22 13:00:00,10.112223776007244,,990.8069962725247,4.452511745116336
2025-01-22 14:00:00,15.496661527146129,49.63719763506192,1010.7020036942481,4.738076002231652
2025-01-22 15:00:00,18.756935616858947,92.81138849501282,1004.4859356573969,8.495784359757096
2025-01-22 16:00:00,6.652973594393142,83.31550543288029,1014.7521141890851,5.231012506695971
2025-01-22 17:00:00,17.716800961899676,73.73146555202923,1042.852590026034,4.312774181514635
2025-01-22 18:00:00,,61.60273851725252,1016.674816654743,6.3180446646740895
2025-01-22 19:00:00,17.852993342965796,50.6084114491478,1009.864703138276,9.012891757812204
2025-01-22 20:00:00,11.183704217287415,59.416898358934205,1022.2180150197726,3.0446264958484854
2025-01-22 21:00:00,5.975589496677404,81.33122929556279,1017.8268788720922,11.093541389859675
2025-01-22 22:00:00,6.862287810584187,93.26879458901914,1017.2009449045185,3.1801385805186086
2025-01-22 23:00:00,15.24042473330691,88.14865292408284,1019.0685059321567,6.3681804575576075
2025-01-23 00:00:00,16.29861250860741,,1033.5654356482953,3.6579382183731814
2025-01-23 01:00:00,10.478416874477958,48.205738500664836,1001.6911156467409,3.2835411294480137
2025-01-23 02:00:00,18.19296229388687,67.11329370366806,1017.7363207681145,4.159121484497614
2025-01-23 03:00:00,6.6923996886552,38.473409516557226,1003.7361887001846,5.065405175447594
2025-01-23 04:00:00,14.669601006763417,69.84751571277172,1018.5551264634225,3.9591444290619027
2025-01-23 05:00:00,8.944919001187717,62.78596120551997,1003.8131348851391,3.112221143576297
2025-01-23 06:00:00,11.740819460989204,58.00945247197637,1008.8263318639491,4.829888975229073
2025-01-23 07:00:00,15.23699335658207,41.07945399099807,1010.0491008576209,7.653822705668396
2025-01-23 08:00:00,10.697933173580239,72.70400159854574,1022.7581671934471,3.966470738818356
2025-01-23 09:00:00,,57.009487405071326,1022.1845444394241,3.487541620009442
2025-01-23 10:00:00,20.0314640460722,47.451247464345684,1000.5428262355362,4.16886304474393
2025-01-23 11:00:00,12.115540652384256,21.916066800775262,1013.5493411099985,3.0991426315803037
2025-01-23 12:00:00,19.17846056032571,64.58727642424046,1005.9042014525082,6.435021812409875
2025-01-23 13:00:00,9.35146572671191,91.58377395004617,1000.4149508932467,6.501321168237226
2025-01-23 14:00:00,17.649020889576413,89.91888821821806,1010.8298294957563,4.773466108924877
2025-01-23 15:00:00,22.207843103289502,58.14355615120592,1009.9151721154418,3.8711360435225806
2025-01-23 16:00:00,,55.966819094573296,1037.2671648634553,6.216710641753563
2025-01-23 17:00:00,11.015523722647616,72.03161384112536,1017.329598253607,4.6179558578874484
2025-01-23 18:00:00,17.8853606359027,50.02421841217563,999.2238249924576,6.496622048197853
2025-01-23 19:00:00,13.984773069785037,69.52687849729199,1007.3522599582906,4.996405497727761
2025-01-23 20:00:00,16.855729366856544,,1023.2138329542939,6.06871165245739
2025-01-23 21:00:00,11.980074066420897,83.40399835826462,1033.8844277286992,4.82540930518779
2025-01-23 22:00:00,15.4329489373645,,997.1401668776205,999.0
2025-01-23 23:00:00,14.221613823039602,61.94489374734551,994.2007561486096,9.337594882863897
2025-01-24 00:00:00,20.838910308299035,51.830261198651584,1031.709651753718,4.557906168320659
2025-01-24 01:00:00,16.272104216506065,52.5967946894021,1016.896141773709,4.858192337963699
2025-01-24 02:00:00,16.68801331037601,61.602816621477096,1004.3170726812364,3.498173467082145
2025-01-24 03:00:00,12.940615169387662,70.51048260224267,1018.3462908612244,4.965132398204629
2025-01-24 04:00:00,12.561968879637533,78.70376939349875,986.6425226098312,4.695431593007745
2025-01-24 05:00:00,12.837209060901895,52.95231573979483,1013.0337550659716,3.408737801339032
2025-01-24 06:00:00,16.972260711891483,87.39032853439282,1016.2782117284308,3.1228724840574933
2025-01-24 07:00:00,12.895077595898686,60.93314598436147,1022.2427013953783,4.854497705313684
2025-01-24 08:00:00,16.448874284482066,64.67949058477346,1002.8610404770747,5.885240759843242
2025-01-24 09:00:00,25.377003993227195,53.79182481278265,1013.8568716140336,4.482161181568184
2025-01-24 10:00:00,19.355623517158463,28.636396095905873,1003.7457537394041,3.514364255753828
2025-01-24 11:00:00,13.369882339160794,78.26068094541574,1015.5538375567431,5.196356625856619
2025-01-24 12:00:00,21.006069610819722,76.0526584563865,1004.0465367763697,3.16699307154143
2025-01-24 13:00:00,12.959623134892244,60.780086643226795,1008.9189916083978,4.166196681863608
2025-01-24 14:00:00,4.809377324110731,66.00486075837308,1003.0418460520978,3.356738973198894
2025-01-24 15:00:00,9.95956844541298,72.73908826556149,1019.5113624182366,3.407807289778224
2025-01-24 16:00:00,5.646040394870722,41.56181214670186,1021.5845111665667,3.452030213467332
2025-01-24 17:00:00,13.242432579793457,57.06420983980558,1010.6537943004258,3.977825146183456
2025-01-24 18:00:00,15.092091895947759,76.9139701943274,1013.3823799496002,3.105009541374047
2025-01-24 19:00:00,23.382186561376415,46.18565865246126,998.5140858536646,4.014309542291518
2025-01-24 20:00:00,16.634636868820813,69.40336898249944,1010.0032335199321,4.433681118272173
2025-01-24 21:00:00,13.904497355955678,,1012.4979538295826,4.320563566216514
2025-01-24 22:00:00,19.147027905917447,71.9964497365029,1039.2079309102996,3.965072795948773
2025-01-24 23:00:00,3.944323454960575,64.46537776553775,1001.8803297422584,6.654523875978296
2025-01-25 00:00:00,16.178072790542828,40.77302276141736,1027.6417723875243,3.314071958922113
2025-01-25 01:00:00,18.854325969434832,82.47109031685757,1022.9685877346581,4.409212142311537
2025-01-25 02:00:00,7.607068771100792,53.981126348029264,1015.8063640449013,3.128098970977314
2025-01-25 03:00:00,20.718770216034645,52.84621344478428,1030.5862048419513,3.147628262087843
2025-01-25 04:00:00,16.69248203747207,,1016.7210547260686,4.706002150848498
2025-01-25 05:00:00,,82.22956024143073,1016.8915919566792,4.669506398882976
2025-01-25 06:00:00,18.163909330531425,49.762672715324044,1012.4687934698245,7.208017934861908
2025-01-25 07:00:00,26.35346428902198,65.92519774771958,1025.2356888241864,4.6323192721278295
2025-01-25 08:00:00,15.909331275292477,71.4322475049586,1023.9646923381089,9.427329870575043
2025-01-25 09:00:00,16.24110293150168,75.39658410894717,1006.7432271250378,3.0998407869158386
2025-01-25 10:00:00,12.70319550229878,67.64662332915837,999.8075280540123,3.2062985573367593
2025-01-25 11:00:00,10.750778152676041,59.494582413750166,1010.9701936260434,3.09013252232001
2025-01-25 12:00:00,19.151679082721227,52.5861466902692,1004.9996143560236,3.409813834222041
2025-01-25 13:00:00,10.719580870455664,66.29215824569562,,4.558587438278522
2025-01-25 14:00:00,15.357831186096963,48.9179148202159,1025.3743813468413,5.074501136976339
2025-01-25 15:00:00,12.611712766174417,21.17974274758089,1008.4269834491321,3.0933137142679286
2025-01-25 16:00:00,17.39489912873196,71.54839706236501,1012.5717661868842,8.836464601468577
2025-01-25 17:00:00,16.66831052643474,78.55902261629294,1013.580227348084,6.692414963551748
2025-01-25 18:00:00,20.187699721289498,29.55601346687242,1021.4843088220529,3.7036946091209195
2025-01-25 19:00:00,12.449918005726264,49.854039429350934,990.5311066601539,3.1606584795972377
2025-01-25 20:00:00,13.650625323533143,74.28731391507796,1006.932997052347,3.3723870621674785
2025-01-25 21:00:00,10.106181421088463,95.86243204567548,1015.1128369227947,3.2715121049896747
2025-01-25 22:00:00,12.778533699619441,65.31190561513112,1025.0007895642686,3.263143837122868
2025-01-25 23:00:00,16.88650246522426,54.07995588156298,1008.0809755249379,4.461954347275145
2024-01-27 00:00:00,18.78494308322676,62.256553383427395,994.2344729395812,3.564321201059419
2025-01-26 01:00:00,10.389173379111874,85.62314628722277,1019.1971144596614,3.886769251937606
2025-01-26 02:00:00,19.3480296005283,55.310537313131974,1006.6463761117437,12.113776184457235
2025-01-26 03:00:00,21.778189294024756,53.0121199002462,1001.1033334090964,5.306016037643557
2025-01-26 04:00:00,17.067174516118506,57.758847167269515,1006.7565461028678,8.95110128115952
2025-01-26 05:00:00,24.38397906279033,50.70007087611931,1011.1547464234415,3.307600111016902
2025-01-26 06:00:00,11.131054004482134,66.84005473992194,1006.9525533546179,3.9629850688540578
2025-01-26 07:00:00,8.776726483442914,89.3701768770434,990.9443394290093,4.618156978213977
2025-01-26 08:00:00,6.106398755478606,,1021.9706619688714,3.159727914726249
2025-01-26 09:00:00,22.480221557445915,61.21469746810568,1025.7487504127873,3.008392471044637
2025-01-26 10:00:00,18.27182828177029,60.62283096626684,1019.5152199133951,5.219959308891726
2025-01-26 11:00:00,,41.552137869550144,1001.6231432957518,5.05343655321216
2025-01-26 12:00:00,,78.24664665720738,1010.9850846605249,4.05794120543997
2025-01-26 13:00:00,9.372554763508116,63.83244204480797,1012.9347868477054,4.345293813085144
2025-01-26 14:00:00,27.22875989808413,62.29280129614062,1018.9879438956191,4.073801969180746
2025-01-26 15:00:00,15.646105909876137,112.8966135176729,1019.6834048871808,3.04859572296171
2025-01-26 16:00:00,15.546973973024464,69.48129362548529,1005.658262012215,3.81705440171757
2025-01-26 17:00:00,18.62883311949346,53.72313424857224,1013.8199555641356,3.3897980582094167
2025-01-26 18:00:00,17.405046158683568,58.60463605691685,1017.5728040461524,3.207222291399255
2025-01-26 19:00:00,16.119420121395656,82.22668563795132,1027.5582232214676,9.280149339327966
2025-01-26 20:00:00,11.047627722773441,66.69905615806647,1020.0450653982472,4.829382648428364
2025-01-26 21:00:00,17.357341785679978,43.4258303252395,1020.8905668737552,5.608737875791016
2025-01-26 22:00:00,24.41012248237517,78.78843401862805,1013.8382662792936,3.7577351876481497
2025-01-26 23:00:00,21.727100230774887,54.97783871691509,1027.104591452035,3.998937810534261
2025-01-27 00:00:00,22.965933133196984,93.09946664326318,1017.097627959595,3.5407952756893026
2025-01-27 01:00:00,12.443921617844074,81.20072098571973,1004.3891208982643,3.203989419276362
2025-01-27 02:00:00,10.051975898707095,58.29017156511873,1027.0336997012519,3.394541411047671
2025-01-27 03:00:00,14.37106539950176,84.2152454260267,1019.9790327253903,6.1941695086596855
2025-01-27 04:00:00,15.278624561443474,66.01783265791104,1008.5695597887152,5.263588368822698
2025-01-27 05:00:00,20.470957592354743,77.79160512683329,1008.2050703260076,4.5834123183375635
2025-01-27 06:00:00,6.537676851425903,72.27099225941713,1015.9657554514076,4.289056434914943
2025-01-27 07:00:00,,52.3046501751369,1017.6318479526758,8.113259498215054
2025-01-27 08:00:00,14.209960507105054,55.346752515238066,,3.151031659117222
2025-01-27 09:00:00,12.8655946502629,80.44941226371742,1016.1130867344289,3.658677756320781
2025-01-27 10:00:00,9.939478123699162,59.97837001840189,1029.9995737457639,3.861374621543159
2025-01-27 11:00:00,6.725716640671154,58.94527305137005,1023.7154315223488,6.050430786675891
2025-01-27 12:00:00,,50.673161309759706,1014.9063559126503,12.789607031668986
2025-01-27 13:00:00,15.366589835942019,71.35398598390192,1022.4131058076748,3.550638982756573
2025-01-27 14:00:00,8.55019550129473,95.93787378864718,1002.6747609647246,7.147831022890391
2025-01-27 15:00:00,8.52460613968192,,1016.979270499468,6.5512537297853175
2025-01-27 16:00:00,13.321076503549358,65.36329185009137,1031.093063497331,3.508900559505711
2025-01-27 17:00:00,23.345107626446964,,1010.8195410460762,4.019427751304753
2025-01-27 18:00:00,,63.805379131314275,1004.5236607138091,4.054156873823267
2025-01-27 19:00:00,7.4842852344094695,71.78557694374601,1006.4791111140694,10.653587712928802
2025-01-27 20:00:00,13.771284679570279,49.0640970777968,1002.1036696265761,3.399078430580872
2025-01-27 21:00:00,13.636382151261648,71.42460645811472,1005.152380918723,6.210473211638335
2025-01-27 22:00:00,1.5155667852921422,62.192836024931765,1009.2949190140997,3.8135100218697904
2025-01-27 23:00:00,14.728525667410938,79.78594993519795,998.9443298082135,5.625124059071986
2025-01-28 00:00:00,13.84532734895661,82.81079077347127,1013.156183339496,4.089492297090434
2025-01-28 01:00:00,18.48103182406709,103.84345463027921,1022.0227717378665,4.72720569556164
2025-01-28 02:00:00,24.244780474726724,73.69449759820364,1003.9224381985308,6.574878907805287
2025-01-28 03:00:00,20.632825147738785,69.8869447487325,1028.1928392364177,6.260971392067096
2025-01-28 04:00:00,13.655556547225848,67.91576452366004,1018.1079208852759,7.026157124852698
2025-01-28 05:00:00,9.467370456291649,59.702505607839676,1023.3058058562406,3.1229367717278445
2025-01-28 06:00:00,27.866799016249303,70.07725765192536,1006.4216544614786,5.3556392854516455
2025-01-28 07:00:00,15.296092170072441,60.56897884791456,1021.5452522706662,3.301616423223599
2025-01-28 08:00:00,15.069646459564732,,1002.0806609960468,4.075087346401728
2025-01-28 09:00:00,14.879374564449984,84.7639630341194,1021.9024750083651,4.590751500900313
2025-01-28 10:00:00,15.990423803839274,49.90186152080538,1014.7183933979353,4.030803773629108
2025-01-28 11:00:00,14.278197940380288,82.09817841693568,1018.5325121998478,4.466320986815298
2025-01-28 12:00:00,,84.75672601009798,1001.2440539437515,14.325075007210891
2025-01-28 13:00:00,12.265705293798039,63.22897209513382,1004.0493015772339,3.290554066679151
2025-01-28 14:00:00,14.836233648920008,33.17217651487108,1018.9722821825338,5.250668597004573
2025-01-28 15:00:00,12.282876144331176,55.882670193583515,1003.516519957758,4.008365362049572
2025-01-28 16:00:00,11.435771086614178,84.45491819841664,1017.6320629209912,3.2854552087000837
2025-01-28 17:00:00,15.532151138459485,64.65697906551677,999.3286219353976,3.345701327347306
2025-01-28 18:00:00,13.725113912895724,50.01046651557634,1021.4817421266666,8.962598120437669
2025-01-28 19:00:00,22.519964942913443,57.42837618157674,1000.6747668523149,7.233896354690996
2025-01-28 20:00:00,1.745150958034941,77.60930039756829,1018.5229993767953,7.751214149805556
2025-01-28 21:00:00,20.45753425961231,73.20100352302069,1019.25630933646,12.543105097269025
2025-01-28 22:00:00,,61.416018512454585,1006.0322818157042,3.4671843723719196
2025-01-28 23:00:00,4.633048837959253,59.49763382277969,1018.8202656708472,3.878372674939768
2025-01-29 00:00:00,,59.12362776434267,1015.6044226333356,5.212597688933973
2025-01-29 01:00:00,13.142795670021043,51.163847232522464,1007.6115814380726,4.322531824026381
2025-01-29 02:00:00,7.962441526410894,89.23063534204162,1002.914453159238,4.083908713340347
2025-01-29 03:00:00,11.110916562045624,60.1651929618299,,3.8857460287055203
2025-01-29 04:00:00,9.447120772670857,83.25737781238244,1016.4965004729969,4.801723899776001
2025-01-29 05:00:00,23.761352217118116,87.81974077883677,997.3519722863795,4.714126776958494
2025-01-29 06:00:00,19.678391965737305,79.9746634722194,1013.9534419944131,3.3521808232836885
2025-01-29 07:00:00,21.357775474970794,58.52569530922928,1010.3655178391775,4.276332769311519
2025-01-29 08:00:00,18.608360320216175,71.05595135504915,1019.791427754382,4.612505338974355
2025-01-29 09:00:00,9.354741143913854,,1009.9795450051014,4.689275184826361
2025-01-29 10:00:00,12.377398668601131,51.44447208904808,1009.7055221365291,3.47171605991648
2025-01-29 11:00:00,17.44687280613959,69.86538922582405,1020.3187070428829,5.711696311317161
2025-01-29 12:00:00,8.889360955540273,47.31440313260296,1016.3505802908412,3.0510440573047855
2025-01-29 13:00:00,18.56499215086194,82.81519082692346,1016.1615595718278,3.8764886141589816
2025-01-29 14:00:00,13.798373009209325,58.03074054052411,1017.6926758980852,6.030189568652909
2025-01-29 15:00:00,13.125895962252013,68.01739483809259,997.644278767929,4.6597349437534445
2025-01-29 16:00:00,18.554799841017456,69.24931807319213,1020.5678867998698,3.6053543652284756
2025-01-29 17:00:00,17.2213165574302,61.11642539443884,1019.124687940136,5.374579614228945
2025-01-29 18:00:00,13.1951691709046,73.80040702212912,1002.8331687142351,4.675841664309887
2025-01-29 19:00:00,20.79664901682124,57.876445150662136,1010.559195263258,6.181660325443592
2025-01-29 20:00:00,9.594683362000513,78.06945946185866,1012.6069271237237,5.656240999476924
2025-01-29 21:00:00,18.07967803472132,44.81030479629877,1011.6550321559827,4.883770602646397
2025-01-29 22:00:00,17.96550628984192,66.89569369319618,1016.3385996656854,4.339555472520325
2025-01-29 23:00:00,13.452267803430049,,1027.3136678183118,3.2858527769504677
2025-01-30 00:00:00,16.63066511121059,49.995030130916376,1023.8176672767283,3.6058161854653807
2025-01-30 01:00:00,8.744432118073485,54.83382544212723,999.8778080656859,4.086351493256763
2025-01-30 02:00:00,19.620135096034506,72.70861774488372,1019.2206999030604,4.829080963942982
2025-01-30 03:00:00,,67.69372672909397,1026.2893331953542,4.441891429452621
2025-01-30 04:00:00,12.386384897404803,70.25945148910338,1016.868085206892,3.679873133665769
2025-01-30 05:00:00,20.245046129184445,,1023.9098042518597,3.0129706844667608
2025-01-30 06:00:00,11.478281547286205,74.52082202842655,1033.1227044570076,4.371307540439471
2025-01-30 07:00:00,7.957693518182202,81.64549762934334,1023.2370954610698,3.672697256496366
2025-01-30 08:00:00,7.216854132380481,71.14727985392769,1015.4930859564173,5.653096867599448
2025-01-30 09:00:00,18.030049756728197,61.38113518072186,1023.4508847408475,3.0484752760185008
2025-01-30 10:00:00,8.597853237518585,75.08860551804096,1014.4488783309689,4.758123864575337
2025-01-30 11:00:00,23.77397090992182,93.49822902342824,1013.2390304328495,8.676576474346845
2025-01-30 12:00:00,4.59035296058139,63.010493804261394,1009.4858576428627,3.3833122180336845
2025-01-30 13:00:00,23.48228184145019,50.38206042994038,1028.634133588321,4.275990744493935
2025-01-30 14:00:00,16.05508733601309,81.60621003930459,,3.1917490600376133
2025-01-30 15:00:00,14.516434440648037,63.19428254069603,1028.3236772467812,4.965298682128953
2025-01-30 16:00:00,12.275404565955252,32.409956809789456,1017.9986412374037,4.599379814379841
2025-01-30 17:00:00,16.995680571760353,77.71132515725633,999.0069382519806,4.046354936742533
2025-01-30 18:00:00,14.811826487875758,56.97007721069116,1016.6764929299142,4.473684185391598
2025-01-30 19:00:00,20.516509410082605,63.64200076543759,991.9997349234837,7.5378105288617645
2025-01-30 20:00:00,15.571138243310198,69.97970495853522,1019.2550801683103,3.437044248931093
2025-01-30 21:00:00,15.751508807309389,67.857495196686,1021.8523148298899,3.0456459718600017
2025-01-30 22:00:00,13.18193893893072,75.6417772570856,1007.0764404434794,6.956152331618542
2025-01-30 23:00:00,14.715271881394663,58.46770444145235,1014.2354769595559,4.721319857529139
2025-01-31 00:00:00,16.539008844460295,72.69658697264124,1032.5415743375029,7.426557719206009
2025-01-31 01:00:00,6.449158036716872,61.106799836241244,1007.9425329573806,4.817365608440676
2025-01-31 02:00:00,8.259072889471435,76.08215721331254,1002.410924129434,6.323158816672084
2025-01-31 03:00:00,,74.23051226019581,1027.816634024626,4.123092071073547
2025-01-31 04:00:00,15.85432719063971,,1032.625871905308,5.7714684863366355
2025-01-31 05:00:00,14.080083318236603,81.28973174262549,1013.0369567184785,7.8846478097401205
2025-01-31 06:00:00,15.092169665326965,56.96054832328928,1023.1146303540836,4.697838846189613
2025-01-31 07:00:00,16.737908526808354,77.12086697421718,1026.4147591553087,3.398817796212547
2025-01-31 08:00:00,12.301201598453193,70.50930970102011,1005.5751576746162,3.626129994254655
2025-01-31 09:00:00,11.108476372988436,92.57275515192684,1008.1469416463214,3.4429014122145896
2025-01-31 10:00:00,15.979226275488408,61.64801026442222,1025.3087451315473,3.5670003976291036
2025-01-31 11:00:00,10.10813611192484,,1029.8501427870851,3.7317642558294746
2025-01-31 12:00:00,17.041263778572358,64.708705911684,1018.6288086017436,4.619963372815338
2025-01-31 13:00:00,6.487081978810798,60.452303257485866,1004.2018564649794,4.773423226007274
2025-01-31 14:00:00,20.14577818662822,76.99912852913076,1032.8706111169945,4.111993803367417
2025-01-31 15:00:00,17.362987412065216,40.75534087345118,1007.6902910218804,4.9112109539649484
2025-01-31 16:00:00,16.28014867156938,49.194763712804686,1009.6486221882855,3.1701899030742045
2025-01-31 17:00:00,19.91345491972757,48.9829561763121,1016.4233783448963,3.18376623930603
2025-01-31 18:00:00,23.32737222231288,79.25461387960364,1028.5416042071477,3.377072360106581
2025-01-31 19:00:00,20.07185032509065,90.65920058872888,1021.5397597655223,4.459943924349577
2025-01-31 20:00:00,5.795628843341774,63.433261721937924,1017.1486550036191,3.4815834329438418
2025-01-31 21:00:00,8.602115166321493,62.46767415214984,1017.6328853011811,3.6661523493254227
2025-01-31 22:00:00,11.875907111521606,66.05078244669772,1013.4351466864347,4.022694306721135
2025-01-31 23:00:00,,82.42817453912286,1018.5813951451851,6.341202926503655
2025-02-01 00:00:00,17.588295102345615,51.089702987141386,987.704399223057,3.027918225128475
2025-02-01 01:00:00,,68.57553474102178,1010.033925409302,5.096097796540102
2025-02-01 02:00:00,15.933833822385392,79.62796444673644,1015.4132193491678,5.210527910310044
2025-02-01 03:00:00,11.223085338233387,72.51641254909768,1001.4898591638049,6.205478600201822
2025-02-01 04:00:00,11.942410985040258,67.84372424898115,1016.8632331781156,8.39876392990859
2025-02-01 05:00:00,7.966694515758888,80.01569138850712,1010.9552877901388,3.040686758809053
2025-02-01 06:00:00,10.383833769445479,24.451515605011444,1030.554756983155,3.3339605696223047
2025-02-01 07:00:00,8.241576971918331,,1028.7301972521486,7.346121080061502
2025-02-01 08:00:00,10.120633735113337,55.188864753088644,1008.3419443088184,4.226892984658069
2025-02-01 09:00:00,20.268208983039198,37.54050654715314,1011.4916228843331,4.662937260979334
2025-02-01 10:00:00,10.253005555840286,72.66803899287471,1012.260524343916,5.175506150204313
2025-02-01 11:00:00,28.161910324186955,85.60487817744436,1008.4834052384037,5.273043336043795
2025-02-01 12:00:00,17.466589504404446,62.93827228058462,1014.9502498402812,8.3688744881094
2025-02-01 13:00:00,15.92418061847437,79.29311820804408,1005.4171793111241,14.584845388072132
2025-02-01 14:00:00,10.708211099093933,89.18417386982968,1001.6938466506248,5.547056388928972
2025-02-01 15:00:00,18.501549397044958,84.72371680376071,1019.2271122390027,3.6771683160907345
2025-02-01 16:00:00,12.121810868811131,89.59946794057089,1019.2952958422181,7.2364046953911165
2025-02-01 17:00:00,15.610049073226808,76.13191236607838,1004.9568424034001,3.100947081040979
2025-02-01 18:00:00,27.800422691343975,66.13150458352389,1021.953554307626,3.525538910566097
2025-02-01 19:00:00,,40.97051282154247,1006.6842227083467,7.553556299854095
2025-02-01 20:00:00,20.74636663142838,61.30906267805077,1015.5316523803798,3.5919433783320467
2025-02-01 21:00:00,11.484117874370563,52.35130107025712,1021.2034401261245,3.4985927993408823
2025-02-01 22:00:00,14.825057547515192,97.5641407624672,1012.6638743529629,3.2972907411076844
2025-02-01 23:00:00,23.85400317817755,62.36171281351495,1017.5474091214113,6.919576620616502
2025-02-02 00:00:00,11.865164711061162,66.84807210176729,1007.8357035611243,4.386527411461826
2025-02-02 01:00:00,,,1011.0353341657191,5.247203089288612
2025-02-02 02:00:00,18.538759677277376,65.65403669558681,1010.9414056911966,3.546418315225472
2025-02-02 03:00:00,12.187666120528661,90.4257656064613,1005.5342165345976,5.837969191496624
2025-02-02 04:00:00,18.162038695277605,55.66025957398322,,5.854278919831582
2025-02-02 05:00:00,19.86277224813365,67.91911182855864,997.5138170113626,3.749672082583891
2025-02-02 06:00:00,18.10904981108598,53.86294121452927,1008.0884625285789,4.057580834063354
2025-02-02 07:00:00,7.148876400547718,45.19966233168941,1010.1512450663033,3.4706607129365836
2025-02-02 08:00:00,11.364314120875658,55.82346363642072,1010.4382024750462,10.506709944693629
2025-02-02 09:00:00,13.762406822242475,64.44444804427383,1010.5850255412922,5.074672663774326
2025-02-02 10:00:00,,58.5604666322411,1012.3823580013988,8.45275059087081
2025-02-02 11:00:00,18.103360487753392,54.61368530189216,1017.7944151808606,3.7230463370161653
2025-02-02 12:00:00,15.88850500466627,43.90523804492249,,6.045519884508178
2025-02-02 13:00:00,8.323278206449494,63.75341641056958,1006.5023477315174,5.903660520096544
2025-02-02 14:00:00,16.900989255029817,42.42919438953497,1000.9679914461085,5.35307621419963
2025-02-02 15:00:00,,76.40083945534404,1002.579555877569,9.741664717753157
2025-02-02 16:00:00,17.7989522396552,66.23659629401755,1008.1279707880507,4.000283586376143
2025-02-02 17:00:00,20.403903627773108,,1009.480786821835,3.2801738346040232
2025-02-02 18:00:00,19.16961077274452,60.36186384425205,1005.3000393380254,5.227708880095066
2025-02-02 19:00:00,17.295900396142184,53.71765391614125,1000.0388333575011,5.613560574436505
2025-02-02 20:00:00,14.649171442706765,69.78761765628771,1008.4387917252582,4.711617292001863
2025-02-02 21:00:00,6.6951953324200435,85.10675669034717,1014.8142662011397,3.4634048815041
2025-02-02 22:00:00,,36.872412955313834,1018.9502946583557,4.404198024502916
2025-02-02 23:00:00,16.038438435815557,66.72539118721126,1007.4257694689168,3.748484517960105
2025-02-03 00:00:00,16.357894185976868,62.59800806650039,1008.8700217785656,4.115368158356863
2025-02-03 01:00:00,8.616257120898453,75.07010114675698,1003.7330169115269,5.072506771473119
2025-02-03 02:00:00,9.594717297958688,68.19794942356533,1012.6856082962522,5.734668433624426
2025-02-03 03:00:00,20.26576426666452,53.72046002391771,,3.5285163098362364
2025-02-03 04:00:00,14.802224230716725,60.214190965000725,1018.731278132412,4.039481695232684
2025-02-03 05:00:00,18.40750348686312,53.05961214794766,995.1413350806589,3.6271257420216654
2025-02-03 06:00:00,15.141591880652307,81.14010707897897,1009.4037032754753,3.4428690597020424
2025-02-03 07:00:00,15.148780697478726,65.31967473007913,1016.0110733919174,6.0592878867330935
2025-02-03 08:00:00,19.691419029879988,93.5178602862951,1014.8383451632251,7.799352994087426
2025-02-03 09:00:00,12.419776358913131,64.0900877927807,1039.9303366398049,3.9248081524660026
2025-02-03 10:00:00,,54.37389849634306,1016.4980002456791,5.782846377187728
2025-02-03 11:00:00,12.688623556474788,42.294284110807595,1002.9594540315799,7.5459611149443555
2025-02-03 12:00:00,12.827518862838422,37.95290485616083,1012.0453575291093,6.743219127798344
2025-02-03 13:00:00,13.454139382656804,41.23796085491765,995.2375366653355,3.4037755992063223
2025-02-03 14:00:00,16.110668858168566,69.00689976517225,1012.1940025070323,9.260442832817702
2025-02-03 15:00:00,12.606256891682612,72.63087534844901,1004.6694394299924,3.945379075515813
2025-02-03 16:00:00,,41.282139469518,1022.1539027556016,3.8287311838440026
2025-02-03 17:00:00,10.526963488902481,78.42557471114173,1007.5045972540446,3.1289305458331733
2025-02-03 18:00:00,14.065641779193205,57.75408422474841,1011.8323408420475,4.331739838127396
2025-02-03 19:00:00,12.801344708629125,,1006.6444215859559,3.230852265862077
2025-02-03 20:00:00,22.234889421768663,89.18330942383136,1030.3885135185333,3.571474119571538
2025-02-03 21:00:00,15.982773882557874,78.45258973798298,1009.7875723388208,3.762352827628826
2025-02-03 22:00:00,20.159222697343175,60.97204028141252,1031.325570434792,6.309145926017287
2025-02-03 23:00:00,7.572198134815141,51.63211661877069,1021.1415176211826,7.166716811507174
2025-02-04 00:00:00,16.335251329346296,32.72276898006042,1017.8206672733538,3.7204089521494756
2025-02-04 01:00:00,19.448153978117183,54.212700211363696,1016.6873314731752,6.913713386326608
2025-02-04 02:00:00,15.411419946377121,61.83304641758458,1016.9379729821625,6.893053801592222
2025-02-04 03:00:00,20.327401875326757,50.19230709273224,993.7232742065439,5.8933710986395695
2025-02-04 04:00:00,12.413557749498139,63.031145493615426,1010.2111660584924,3.3172767349377215
2025-02-04 05:00:00,22.0467372009279,66.15277824438152,1021.4515797118432,5.344449931590658
2025-02-04 06:00:00,,61.627160272878825,1012.511028165259,8.80171945465159
2025-02-04 07:00:00,13.185807197801704,55.249961287648105,998.9481015319642,5.294809921914464
2025-02-04 08:00:00,12.77248739299614,67.52982007950092,1012.4759554942253,3.8057873813985315
2025-02-04 09:00:00,22.266922385588504,71.62910974354114,1030.0410551625548,4.388612974315788
2025-02-04 10:00:00,22.897860728653562,48.64401383835731,1025.4689171553473,5.075363907273512
2025-02-04 11:00:00,12.385699864233658,86.16398569619405,1012.3799599063396,4.429029330826888
2025-02-04 12:00:00,12.899065914520714,63.521178015736076,1022.5144927705809,3.255559795267844
2025-02-04 13:00:00,13.591076955697464,65.28274434417271,1009.3349297963194,3.748119067077543
2025-02-04 14:00:00,8.277747444828615,75.62321634884836,995.9612841317328,6.242980811157606
2025-02-04 15:00:00,10.406740267579009,68.49824196895253,1003.7553401187045,6.952586806825607
2025-02-04 16:00:00,9.97929616623966,79.29704950869868,1028.628887685082,3.295376621643814
2025-02-04 17:00:00,,69.30686247802737,1010.260069181707,9.089288491029816
2025-02-04 18:00:00,14.826575563066093,55.81343938039343,1010.5661602062498,3.79744364405191
2025-02-04 19:00:00,16.171073662682602,70.42255287809152,1010.0016180372512,5.171276071319788
2025-02-04 20:00:00,,47.844106890190076,1032.04136589573,5.78724344925305
2025-02-04 21:00:00,,66.62839558664784,,6.342054742139349
2025-02-04 22:00:00,19.921611992382918,64.5015501403331,1035.1878023344814,8.828293595307372
2025-02-04 23:00:00,13.930055778872456,61.8782471409119,1011.4095478959995,3.7506077747980844
2025-02-05 00:00:00,14.752681451737836,63.07193732841604,1015.9562448874709,6.911002356289163
2025-02-05 01:00:00,18.37409746083302,36.77226431753542,997.8335745057921,3.282405838070333
2025-02-05 02:00:00,9.386389892188507,56.76912638388558,1027.7693442611828,5.441837195725361
2025-02-05 03:00:00,16.912048730920255,66.39267351711672,1001.3222044873206,5.709418756145237
2025-02-05 04:00:00,,67.39784587996101,1015.1677556376263,5.264689206442046
2025-02-05 05:00:00,17.462256320040744,49.58487288611063,1002.0269747236715,3.581546319580913
2025-02-05 06:00:00,16.44584321953909,83.98561761297051,1007.111331732613,7.12781598105108
2025-02-05 07:00:00,27.27650069955447,52.007377276782485,1004.627375689503,3.3699103555514434
2025-02-05 08:00:00,11.81130007874342,79.54185800790106,1006.9212473932419,3.1102534579113823
2025-02-05 09:00:00,12.345015224990911,71.40791542807527,1007.6087729685103,5.527905618072967
2025-02-05 10:00:00,11.884297367876178,55.30659035234295,1007.5173120507492,4.290527102844166
2025-02-05 11:00:00,12.222614404198726,91.62966338914268,1021.3333391178031,6.7822495834964105
2025-02-05 12:00:00,11.813064363467412,47.095447523652794,1001.9513720693748,3.9670602538356747
2025-02-05 13:00:00,20.94508265553776,78.78731260415002,1015.2054142701387,3.3685154723787982
2025-02-05 14:00:00,22.102521239949276,80.00873477064468,1025.1795915230555,6.621177576516079
2025-02-05 15:00:00,12.14626853125262,54.94069686385033,1007.868036354866,4.592175172495795
2025-02-05 16:00:00,10.838222134478857,85.88697950096493,1005.820811092524,3.419457349926671
2025-02-05 17:00:00,17.35707778193202,61.24930228101571,1010.6947537481975,5.548676081195651
2025-02-05 18:00:00,12.238884778595143,69.33040443919785,1024.7972520836072,4.431250412125962
2025-02-05 19:00:00,18.164659088777555,68.90482758156831,1014.9410763095336,4.8542634788377566
2025-02-05 20:00:00,16.0146151042565,62.98536887794178,1007.6878570539241,4.2357022279929835
2025-02-05 21:00:00,7.42127942501384,77.16212409739673,1017.8387665118804,6.528782639932176
2025-02-05 22:00:00,22.737526006650306,76.9023308082832,1001.9770785016358,6.538775767688472
2025-02-05 23:00:00,23.97938836547761,38.772020401427284,1019.8135951044295,5.47153812547422
2025-02-06 00:00:00,11.936056547578069,84.56510364317229,1017.0860730770177,3.2227602553263197
2025-02-06 01:00:00,13.06149220032008,40.062620179464886,1009.9219152886111,6.650887271324647
2025-02-06 02:00:00,,80.48819306512486,1004.6141420155277,5.223473967004878
2025-02-06 03:00:00,16.672283949935125,81.90057705241375,1004.1331907771654,5.388204464886394
2025-02-06 04:00:00,18.29272136336415,48.63550354677203,1018.3481733634591,3.9019173712626203
2025-02-06 05:00:00,25.051022693831747,58.83778568068123,1025.2898050248907,7.228555575794965
2025-02-06 06:00:00,14.115263862529753,48.41442997271096,1006.626922529712,5.584672737380588
2025-02-06 07:00:00,11.008513777307732,61.77618454566897,1017.5838670355148,3.2388973938912073
2025-02-06 08:00:00,8.103403859927365,60.379485737213884,992.1297298139793,4.0477475449795834
2025-02-06 09:00:00,,76.6949079840401,1007.153822693428,7.349797835132439
2025-02-06 10:00:00,14.834365135631014,84.65463119179412,1012.689410671291,3.096693598504864
2025-02-06 11:00:00,23.97278931758894,85.93525716184934,1003.9031658301817,9.509867311808144
2025-02-06 12:00:00,12.411943504819142,56.567479601325466,1003.634936252104,5.273641455002
2025-02-06 13:00:00,16.118939758194493,61.86167189383208,1006.3222044353112,4.995956127971036
2025-02-06 14:00:00,14.91788551963624,39.74842711668575,1015.9219272832637,3.6309542864520044
2025-02-06 15:00:00,20.94196636724042,52.911949002557165,1011.1267098159362,3.5721448405788694
2025-02-06 16:00:00,27.63466212936811,79.47277449646187,990.6176876667503,8.696633113701358
2025-02-06 17:00:00,12.345656135398396,89.23374235322348,991.7929984736494,3.7084201234713694
2025-02-06 18:00:00,12.55280278740889,46.48476692180117,1006.9313482214283,5.9878063309625436
2025-02-06 19:00:00,20.22080438534536,,1017.5768658605356,3.9988543281631888
2025-02-06 20:00:00,18.40945744813156,64.60391364561609,985.5249515727477,3.299911812241687
2025-02-06 21:00:00,24.23353662868017,69.2024173822941,1008.0026982384837,3.021546239847183
2025-02-06 22:00:00,17.919640926629818,52.85594720117531,1007.7375214348258,4.571653928649516
2025-02-06 23:00:00,13.203539546064702,71.36091566696135,1026.8833777820844,10.441055524137777
2025-02-07 00:00:00,17.953274153461546,57.89240979393626,1009.1497818828714,3.9213305555735207
2025-02-07 01:00:00,20.543517902914537,64.78321593682581,1016.8298898474093,3.8838194384601996
2025-02-07 02:00:00,19.102410905986822,73.19426372005549,1014.4125714008746,3.84346832229492
2025-02-07 03:00:00,17.53637015553649,65.09633404716406,991.694335201928,4.470205623577344
2025-02-07 04:00:00,20.333373447945768,58.45421164210147,1020.6820721663174,4.162012984942744
2025-02-07 05:00:00,20.846477952228362,63.35585294111254,1015.1539650545628,7.239104690429634
2025-02-07 06:00:00,21.910794955187637,63.67455561191997,1018.0826863967459,4.408500349511567
2025-02-07 07:00:00,18.243549437948214,59.449834551768085,1052.2623770643634,4.417568969552413
2025-02-07 08:00:00,14.164409598415729,61.11805905999346,992.1588706050142,3.297862371249229
2025-02-07 09:00:00,15.733568432166614,88.97970755757075,1030.246966497611,11.118673990418646
2025-02-07 10:00:00,21.032544832541785,73.41379171911858,1010.1255248059964,3.5752918551935737
2025-02-07 11:00:00,10.91532164506382,60.56779522956259,1015.8732890440301,3.152389055677782
2025-02-07 12:00:00,16.843366544364507,75.45431606766104,1012.5448775469875,5.17621283208722
2025-02-07 13:00:00,13.033305938363197,59.99270765365985,1008.7576366660196,4.809546477920762
2025-02-07 14:00:00,15.143724114674088,82.59686956379961,1007.3016707176124,4.072784887870844
2025-02-07 15:00:00,21.392259313036494,70.54463288297141,1016.2950873557301,4.097028100393841
2025-02-07 16:00:00,15.955495340099517,63.39046783993657,997.8282630332832,6.074829204503445
2025-02-07 17:00:00,15.232182740780743,71.71575388715416,1020.5057916752177,3.4355973216970654
2025-02-07 18:00:00,8.200719295100404,41.43685771897251,1008.8380559511475,6.432413493557856
2025-02-07 19:00:00,18.731267830136105,48.09848796635292,1001.6993066095964,5.092497683397902
2025-02-07 20:00:00,18.227420905705376,47.091124904014166,1008.4998714200418,4.085904998015181
2025-02-07 21:00:00,25.8162736165273,67.1441464214556,1025.5714921686258,4.225084154123159
2025-02-07 22:00:00,13.461108825234996,90.98772499227638,1007.6466491298378,3.593169049730648
2025-02-07 23:00:00,16.095751638319694,98.46950219288948,1016.5845361820963,5.789575316116947
2025-02-08 00:00:00,16.246918418553776,74.57076652161136,1005.6904372428453,4.438467972623785
2025-02-08 01:00:00,22.887266398817374,72.51266712416685,1020.5792184992362,3.7738399032231564
2025-02-08 02:00:00,14.52352233806524,37.984133987708915,1019.855077387902,4.812928915257865
2025-02-08 03:00:00,16.395107628851697,56.859893003989676,1031.486088332964,13.914369261267643
2025-02-08 04:00:00,18.039482548582697,53.183243721376414,1011.2443605450078,4.142787734793705
2025-02-08 05:00:00,15.93304561578179,55.68728602623326,1019.6865480475791,8.068817434221934
2025-02-08 06:00:00,12.767831927247359,62.47784272122816,1013.9806753953894,3.8462915069717716
2025-02-08 07:00:00,15.970449964491538,57.91864133454309,1025.9587178186302,3.112575083336064
2025-02-08 08:00:00,20.36815874929886,35.310502844363185,,3.4569205862621253
2025-02-08 09:00:00,9.8674235029447,76.218653841763,1020.4500531287728,4.084959898926312
2025-02-08 10:00:00,15.66484837073438,48.9088546139029,1011.0530270388332,3.4959868570636123
2025-02-08 11:00:00,11.499395925304134,68.58870296166724,1012.358118228915,3.000454127990667
2025-02-08 12:00:00,20.975233144624212,96.1112400462496,1013.9175248444838,7.9302442276056935
2025-02-08 13:00:00,7.384065476081126,51.20923112620365,1015.5224039642668,6.714253130834184
2025-02-08 14:00:00,12.205390763642058,27.045687158805052,1011.8377095687804,5.711858032418981
2025-02-08 15:00:00,16.886059375322603,60.70993667179834,1015.1471318317052,3.3674000424297357
2025-02-08 16:00:00,22.827620146171704,81.51439452497857,1028.7811805756219,3.2564932233318262
2025-02-08 17:00:00,14.67124869463506,94.37521181330891,1022.8544968561522,3.1399969312954665
2025-02-08 18:00:00,12.224002366534009,46.55675608321375,,5.574920350562439
2025-02-08 19:00:00,24.40578534720295,72.45048834854782,1008.4446047397613,8.284748548458483
2025-02-08 20:00:00,7.75993049791878,58.0203431482992,1004.1075917177168,4.126118793909315
2025-02-08 21:00:00,4.005970216899591,63.410774685437964,1022.5530055823775,3.253714677778658
2025-02-08 22:00:00,17.20007225026666,104.66515020525551,1021.7604679252979,4.436490315600569
2025-02-08 23:00:00,12.489728878236944,,1027.7267067575099,3.8579749268688035
2025-02-09 00:00:00,,68.8060949224186,1006.9601937403077,3.9394470948646103
2025-02-09 01:00:00,18.541782236496765,72.01539757648149,1010.7045134463965,4.94218362775273
2025-02-09 02:00:00,16.219003568855996,81.2867948740902,996.6051583747457,5.536795913644498
2025-02-09 03:00:00,12.179606846316357,66.46974730206342,1009.0752889393913,3.234424494638701
2025-02-09 04:00:00,8.598478006645529,69.62075809256153,1022.9657051057944,3.072478005822984
2025-02-09 05:00:00,19.362286641400722,59.125271488673135,1008.335046207718,13.345239092782803
2025-02-09 06:00:00,18.251005889793305,69.0369041186766,1019.4047979520083,3.5298287336130882
2025-02-09 07:00:00,14.504120681103085,59.85211586753884,1011.0949689400219,3.110667153660317
2025-02-09 08:00:00,24.233184980238327,74.32357834784077,1016.2405702822156,3.4211342569258183
2025-02-09 09:00:00,9.649576168369236,59.45584495934549,1001.5230861018433,3.0794740132244356
2025-02-09 10:00:00,7.372374145376305,70.6565059085328,1013.852094496339,3.994538833570313
2025-02-09 11:00:00,11.540459650593778,64.56105779472533,983.0886402909928,6.243039048666513
2025-02-09 12:00:00,14.772069918222511,81.89075376158252,1011.1310384183802,3.8348055074936673
2025-02-09 13:00:00,16.21669724661346,64.22909414617271,996.6952675628486,4.174633815272804
2025-02-09 14:00:00,13.793819710718351,38.40451297689678,1025.0599451654682,5.251474371170201
2025-02-09 15:00:00,16.760276982571483,83.92882251070988,1020.7740735276451,4.422190862436618
2025-02-09 16:00:00,8.74230287904778,,1017.6667098196608,6.952985743076132
2025-02-09 17:00:00,22.218823020366298,55.1935049202677,1028.2100622715939,7.0203634923238445
2025-02-09 18:00:00,14.589244108037157,56.065080589347616,1003.5108347917517,3.0199202666945553
2025-02-09 19:00:00,20.586479157940637,85.61657139756227,1030.4736319791555,6.010573013258938
2025-02-09 20:00:00,16.71362673188852,32.96488679031957,1022.3219156426038,4.235091164026743
2025-02-09 21:00:00,17.283766095768918,112.0662280048999,1010.6344471278105,11.990935654235571
2025-02-09 22:00:00,17.84883640116102,80.84085213599077,1024.3562014718295,4.3203227895247505
2025-02-09 23:00:00,17.238542800086574,68.3485837119374,1001.9370648758836,11.669667168640787
2025-02-10 00:00:00,18.21361379933772,64.1765899907557,1004.7548583847233,5.809481804072769
2025-02-10 01:00:00,21.645762650662157,69.28331112286486,1006.914102767603,3.5716472930930627
2025-02-10 02:00:00,15.982605848507351,72.81683642569007,1007.7102229193598,4.546091374172084
2025-02-10 03:00:00,18.54501878794256,74.67823378925085,1002.4344235723975,12.690828105307721
2025-02-10 04:00:00,14.551321528563866,73.33406699005172,1025.2308306709533,6.897256187171887
2025-02-10 05:00:00,,66.34371021882873,1010.4114559963017,3.204878227092394
2025-02-10 06:00:00,11.61803848970365,62.03992369539011,1016.5250496835688,5.4508832161549785
2025-02-10 07:00:00,24.00470216455408,62.730900745197324,1007.2964863358632,3.8480105979899433
2025-02-10 08:00:00,14.799210246778284,62.07637579470978,994.7939669945148,3.014013503869449
2025-02-10 09:00:00,7.8461244894097595,82.00655145300597,1015.7005735839142,4.033288267111565
2025-02-10 10:00:00,15.640522074553946,73.90335083421293,993.8774502458023,3.535116958635337
2025-02-10 11:00:00,11.594741712625595,20.894170480035797,1012.3136595391453,6.417072492208756
2025-02-10 12:00:00,,74.83851164794642,999.3168496116718,3.822958138084858
2025-02-10 13:00:00,11.736880103488046,67.92104292078162,,6.514990816397938
2025-02-10 14:00:00,12.769082833926102,64.71936865331153,1022.1136272217473,3.0011962353430257
2025-02-10 15:00:00,5.552296345272346,59.17222320366671,1014.0575379127148,3.735816027231885
2025-02-10 16:00:00,12.738468403754617,81.86169079979021,1025.6370667765466,3.5519423978812443
2025-02-10 17:00:00,2.880603366855217,79.21289693184286,1004.5368402253426,3.5320169318002255
2025-02-10 18:00:00,7.0804858825713834,53.40683498264586,1018.4347937867009,3.1412454402925256
2025-02-10 19:00:00,18.802073280721487,71.10578430686803,1014.9981043371871,3.414354070502337
2025-02-10 20:00:00,18.92900079325416,50.42514898188071,1015.6402008133367,4.621833497099326
2025-02-10 21:00:00,17.127287808924823,44.305727528166045,,3.6888183054948227
2025-02-10 22:00:00,,55.59924163115052,1020.324921027798,4.080490957319071
2025-02-10 23:00:00,14.7614432192901,77.93590208574138,1015.8872366282502,3.9459902156296485
2025-02-11 00:00:00,14.981987304547157,79.2968756806413,996.451125637717,7.173414546591069
2025-02-11 01:00:00,9.208176554037287,72.6962813014594,1003.3995370472054,7.714061417470509
2025-02-11 02:00:00,22.51699150883575,75.87643680271995,,4.358318820926416
2025-02-11 03:00:00,19.386811452878355,72.74267430672438,1013.9337237427665,3.801420710710814
2025-02-11 04:00:00,13.89517913085168,55.37777607165572,1001.6979627532608,3.225891094392862
2025-02-11 05:00:00,15.134429194972654,71.47883817010911,1037.1167667557843,9.132433058149838
2025-02-11 06:00:00,16.04191403973776,77.00614287841523,1028.1639405525357,3.1242337272243574
2025-02-11 07:00:00,4.791325657878547,76.31436994720362,1019.0211832039248,3.7066476378093407
2025-02-11 08:00:00,13.764113087397016,82.83370057211964,1013.7203686128374,3.7078323661283408
2025-02-11 09:00:00,11.590078760011007,75.62455770801596,,3.7725055633641054
2025-02-11 10:00:00,9.991899950525422,70.27172311312374,1003.4808153997776,3.358939677473422
2025-02-11 11:00:00,13.594498535570226,81.05225357474642,1013.7748051851886,6.057204247191606
2025-02-11 12:00:00,23.988432634247612,64.6021811112641,1015.5775254014275,3.2613517742781784
2025-02-11 13:00:00,18.20421430633505,51.771880231584234,1000.5823942451838,5.015204459490134
2025-02-11 14:00:00,12.144105051086015,62.553995540843545,1016.341764172449,3.2644268697811425
2025-02-11 15:00:00,17.862913906780793,53.82646032790326,1011.4474095117525,3.1462936263226267
2025-01-05 04:00:00,7.923146289747929,79.97015164789478,1016.7640952609752,7.931637556142718
2025-01-09 08:00:00,16.788936801741418,66.87836753971861,1031.0434810978675,5.8555742426910005
2025-01-13 12:00:00,10.855024945389639,54.978643195354266,1023.5194761772292,4.588788791467252
